Campaign,Campaign Type,Campaign Status,Budget,Budget type,Bid Strategy Type,Networks,Languages,Location,Ad Group,Ad Group Status,Max CPC,Keyword,Criterion Type,Status,Ad type,Final URL,Path 1,Path 2,Headline 1,Headline 1 position,Headline 2,Headline 2 position,Headline 3,Headline 3 position,Headline 4,Headline 4 position,Headline 5,Headline 5 position,Headline 6,Headline 6 position,Headline 7,Headline 7 position,Headline 8,Headline 8 position,Headline 9,Headline 9 position,Headline 10,Headline 10 position,Headline 11,Headline 11 position,Headline 12,Headline 12 position,Headline 13,Headline 13 position,Headline 14,Headline 14 position,Headline 15,Headline 15 position,Description 1,Description 2,Description 3,Description 4
The Hunt - Merk,Search,Paused,5.00,Daily,Manual CPC,Google search,nl,Netherlands,,,,,,,,,,,,,,,,,,,,,,,,,,,,,,,,,,,,,,,,,,,,
The Hunt - Merk,,,,,,,,,,,,film,Campaign negative phrase,,,,,,,,,,,,,,,,,,,,,,,,,,,,,,,,,,,,,,,
The Hunt - Merk,,,,,,,,,,,,movie,Campaign negative phrase,,,,,,,,,,,,,,,,,,,,,,,,,,,,,,,,,,,,,,,
The Hunt - Merk,,,,,,,,,,,,netflix,Campaign negative phrase,,,,,,,,,,,,,,,,,,,,,,,,,,,,,,,,,,,,,,,
The Hunt - Merk,,,,,,,,,,,,trailer,Campaign negative phrase,,,,,,,,,,,,,,,,,,,,,,,,,,,,,,,,,,,,,,,
The Hunt - Merk,,,,,,,,,,,,imdb,Campaign negative phrase,,,,,,,,,,,,,,,,,,,,,,,,,,,,,,,,,,,,,,,
The Hunt - Merk,,,,,,,,,,,,cast,Campaign negative phrase,,,,,,,,,,,,,,,,,,,,,,,,,,,,,,,,,,,,,,,
The Hunt - Merk,,,,,,,,,,,,showdown,Campaign negative phrase,,,,,,,,,,,,,,,,,,,,,,,,,,,,,,,,,,,,,,,
The Hunt - Merk,,,,,,,,,,,,ps4,Campaign negative phrase,,,,,,,,,,,,,,,,,,,,,,,,,,,,,,,,,,,,,,,
The Hunt - Merk,,,,,,,,,,,,ps5,Campaign negative phrase,,,,,,,,,,,,,,,,,,,,,,,,,,,,,,,,,,,,,,,
The Hunt - Merk,,,,,,,,,,,,xbox,Campaign negative phrase,,,,,,,,,,,,,,,,,,,,,,,,,,,,,,,,,,,,,,,
The Hunt - Merk,,,,,,,,,,,,steam,Campaign negative phrase,,,,,,,,,,,,,,,,,,,,,,,,,,,,,,,,,,,,,,,
The Hunt - Merk,,,,,,,,,,,,download,Campaign negative phrase,,,,,,,,,,,,,,,,,,,,,,,,,,,,,,,,,,,,,,,
The Hunt - Merk,,,,,,,,,,,,torrent,Campaign negative phrase,,,,,,,,,,,,,,,,,,,,,,,,,,,,,,,,,,,,,,,
The Hunt - Merk,,,,,,,,,,,,escape hunt,Campaign negative phrase,,,,,,,,,,,,,,,,,,,,,,,,,,,,,,,,,,,,,,,
The Hunt - Merk,,,,,,,,,,,,vacature,Campaign negative phrase,,,,,,,,,,,,,,,,,,,,,,,,,,,,,,,,,,,,,,,
The Hunt - Merk,,,,,,,,,,,,werken bij,Campaign negative phrase,,,,,,,,,,,,,,,,,,,,,,,,,,,,,,,,,,,,,,,
The Hunt - Merk,,,,,,,,,,,,serie,Campaign negative phrase,,,,,,,,,,,,,,,,,,,,,,,,,,,,,,,,,,,,,,,
The Hunt - Merk,,,,,,,,,,,,boek,Campaign negative phrase,,,,,,,,,,,,,,,,,,,,,,,,,,,,,,,,,,,,,,,
The Hunt - Merk,,,,,,,,,The Hunt - Algemeen,Enabled,0.60,,,,,,,,,,,,,,,,,,,,,,,,,,,,,,,,,,,,,,,,,
The Hunt - Merk,,,,,,,,,The Hunt - Algemeen,,,escape game the hunt,Exact,Enabled,,,,,,,,,,,,,,,,,,,,,,,,,,,,,,,,,,,,,,
The Hunt - Merk,,,,,,,,,The Hunt - Algemeen,,,escape game the hunt,Phrase,Enabled,,,,,,,,,,,,,,,,,,,,,,,,,,,,,,,,,,,,,,
The Hunt - Merk,,,,,,,,,The Hunt - Algemeen,,,the hunt escape game,Exact,Enabled,,,,,,,,,,,,,,,,,,,,,,,,,,,,,,,,,,,,,,
The Hunt - Merk,,,,,,,,,The Hunt - Algemeen,,,the hunt escape game,Phrase,Enabled,,,,,,,,,,,,,,,,,,,,,,,,,,,,,,,,,,,,,,
The Hunt - Merk,,,,,,,,,The Hunt - Algemeen,,,escapegamethehunt,Exact,Enabled,,,,,,,,,,,,,,,,,,,,,,,,,,,,,,,,,,,,,,
The Hunt - Merk,,,,,,,,,The Hunt - Algemeen,,,escapegamethehunt,Phrase,Enabled,,,,,,,,,,,,,,,,,,,,,,,,,,,,,,,,,,,,,,
The Hunt - Merk,,,,,,,,,The Hunt - Algemeen,,,the hunt escape room,Exact,Enabled,,,,,,,,,,,,,,,,,,,,,,,,,,,,,,,,,,,,,,
The Hunt - Merk,,,,,,,,,The Hunt - Algemeen,,,the hunt escape room,Phrase,Enabled,,,,,,,,,,,,,,,,,,,,,,,,,,,,,,,,,,,,,,
The Hunt - Merk,,,,,,,,,The Hunt - Algemeen,,,the hunt city game,Exact,Enabled,,,,,,,,,,,,,,,,,,,,,,,,,,,,,,,,,,,,,,
The Hunt - Merk,,,,,,,,,The Hunt - Algemeen,,,the hunt city game,Phrase,Enabled,,,,,,,,,,,,,,,,,,,,,,,,,,,,,,,,,,,,,,
The Hunt - Merk,,,,,,,,,The Hunt - Algemeen,,,the hunt outdoor escape,Exact,Enabled,,,,,,,,,,,,,,,,,,,,,,,,,,,,,,,,,,,,,,
The Hunt - Merk,,,,,,,,,The Hunt - Algemeen,,,the hunt outdoor escape,Phrase,Enabled,,,,,,,,,,,,,,,,,,,,,,,,,,,,,,,,,,,,,,
The Hunt - Merk,,,,,,,,,The Hunt - Algemeen,,,,,Enabled,Responsive search ad,https://escapegamethehunt.nl/,The-Hunt,,The Hunt Escape Game,1,Escape Game The Hunt,,Ontsnap aan Live Hunters,,Echte Hunters Jagen op Jullie,,Outdoor Escape Game,,90 Minuten Pure Spanning,,Live Hunters op Jullie Hielen,,Teamuitje met Live Hunters,,Vrijgezellenfeest The Hunt,,Bedrijfsuitje The Hunt,,Officiële Site The Hunt,,Vanaf 8 tot 200 Personen,,"Puzzelen, Rennen, Ontsnappen",,Vrijblijvend Aanvragen,,De Stad Is Jullie Speelveld,,"Ontsnap 90 minuten aan echte live Hunters in jouw stad. Puzzelen, rennen en samenwerken!",Geen kamer maar de hele stad als speelveld. Live Hunters zitten jullie op de hielen.,"Ideaal als teamuitje, bedrijfsuitje of vrijgezellenfeest. Van 8 tot 200 personen.",Dé escape game met live Hunters. Vraag vrijblijvend een datum aan voor jullie groep.
The Hunt - Merk,,,,,,,,,The Hunt Groningen,Enabled,0.60,,,,,,,,,,,,,,,,,,,,,,,,,,,,,,,,,,,,,,,,,
The Hunt - Merk,,,,,,,,,The Hunt Groningen,,,the hunt groningen,Exact,Enabled,,,,,,,,,,,,,,,,,,,,,,,,,,,,,,,,,,,,,,
The Hunt - Merk,,,,,,,,,The Hunt Groningen,,,the hunt groningen,Phrase,Enabled,,,,,,,,,,,,,,,,,,,,,,,,,,,,,,,,,,,,,,
The Hunt - Merk,,,,,,,,,The Hunt Groningen,,,escape game the hunt groningen,Exact,Enabled,,,,,,,,,,,,,,,,,,,,,,,,,,,,,,,,,,,,,,
The Hunt - Merk,,,,,,,,,The Hunt Groningen,,,escape game the hunt groningen,Phrase,Enabled,,,,,,,,,,,,,,,,,,,,,,,,,,,,,,,,,,,,,,
The Hunt - Merk,,,,,,,,,The Hunt Groningen,,,the hunt escape groningen,Exact,Enabled,,,,,,,,,,,,,,,,,,,,,,,,,,,,,,,,,,,,,,
The Hunt - Merk,,,,,,,,,The Hunt Groningen,,,the hunt escape groningen,Phrase,Enabled,,,,,,,,,,,,,,,,,,,,,,,,,,,,,,,,,,,,,,
The Hunt - Merk,,,,,,,,,The Hunt Groningen,,,the hunt escaperoom groningen,Exact,Enabled,,,,,,,,,,,,,,,,,,,,,,,,,,,,,,,,,,,,,,
The Hunt - Merk,,,,,,,,,The Hunt Groningen,,,the hunt escaperoom groningen,Phrase,Enabled,,,,,,,,,,,,,,,,,,,,,,,,,,,,,,,,,,,,,,
The Hunt - Merk,,,,,,,,,The Hunt Groningen,,,,,Enabled,Responsive search ad,https://escapegamethehunt.nl/escape-game-the-hunt-locaties/escape-game-the-hunt-groningen/,The-Hunt,groningen,The Hunt Groningen,1,Escape Game The Hunt,,Ontsnap aan Live Hunters,,Echte Hunters Jagen op Jullie,,Outdoor Escape in Groningen,,90 Minuten Pure Spanning,,Live Hunters op Jullie Hielen,,Teamuitje met Live Hunters,,Vrijgezellenfeest Groningen,,Bedrijfsuitje Groningen,,Officiële Site The Hunt,,Vanaf 8 tot 200 Personen,,"Puzzelen, Rennen, Ontsnappen",,Vrijblijvend Aanvragen,,De Stad Is Jullie Speelveld,,"Ontsnap 90 minuten aan echte live Hunters in Groningen. Puzzelen, rennen en samenwerken!",Geen kamer maar de hele stad als speelveld. Live Hunters zitten jullie op de hielen.,"Ideaal als teamuitje, bedrijfsuitje of vrijgezellenfeest. Van 8 tot 200 personen.",Dé escape game met live Hunters. Vraag vrijblijvend een datum aan voor jullie groep.
The Hunt - Merk,,,,,,,,,The Hunt Winschoten,Enabled,0.60,,,,,,,,,,,,,,,,,,,,,,,,,,,,,,,,,,,,,,,,,
The Hunt - Merk,,,,,,,,,The Hunt Winschoten,,,the hunt winschoten,Exact,Enabled,,,,,,,,,,,,,,,,,,,,,,,,,,,,,,,,,,,,,,
The Hunt - Merk,,,,,,,,,The Hunt Winschoten,,,the hunt winschoten,Phrase,Enabled,,,,,,,,,,,,,,,,,,,,,,,,,,,,,,,,,,,,,,
The Hunt - Merk,,,,,,,,,The Hunt Winschoten,,,escape game the hunt winschoten,Exact,Enabled,,,,,,,,,,,,,,,,,,,,,,,,,,,,,,,,,,,,,,
The Hunt - Merk,,,,,,,,,The Hunt Winschoten,,,escape game the hunt winschoten,Phrase,Enabled,,,,,,,,,,,,,,,,,,,,,,,,,,,,,,,,,,,,,,
The Hunt - Merk,,,,,,,,,The Hunt Winschoten,,,the hunt escape winschoten,Exact,Enabled,,,,,,,,,,,,,,,,,,,,,,,,,,,,,,,,,,,,,,
The Hunt - Merk,,,,,,,,,The Hunt Winschoten,,,the hunt escape winschoten,Phrase,Enabled,,,,,,,,,,,,,,,,,,,,,,,,,,,,,,,,,,,,,,
The Hunt - Merk,,,,,,,,,The Hunt Winschoten,,,the hunt escaperoom winschoten,Exact,Enabled,,,,,,,,,,,,,,,,,,,,,,,,,,,,,,,,,,,,,,
The Hunt - Merk,,,,,,,,,The Hunt Winschoten,,,the hunt escaperoom winschoten,Phrase,Enabled,,,,,,,,,,,,,,,,,,,,,,,,,,,,,,,,,,,,,,
The Hunt - Merk,,,,,,,,,The Hunt Winschoten,,,,,Enabled,Responsive search ad,https://escapegamethehunt.nl/escape-game-the-hunt-locaties/escape-game-the-hunt-winschoten/,The-Hunt,winschoten,The Hunt Winschoten,1,Escape Game The Hunt,,Ontsnap aan Live Hunters,,Echte Hunters Jagen op Jullie,,Outdoor Escape in Winschoten,,90 Minuten Pure Spanning,,Live Hunters op Jullie Hielen,,Teamuitje met Live Hunters,,Vrijgezellenfeest Winschoten,,Bedrijfsuitje Winschoten,,Officiële Site The Hunt,,Vanaf 8 tot 200 Personen,,"Puzzelen, Rennen, Ontsnappen",,Vrijblijvend Aanvragen,,De Stad Is Jullie Speelveld,,"Ontsnap 90 minuten aan echte live Hunters in Winschoten. Puzzelen, rennen en samenwerken!",Geen kamer maar de hele stad als speelveld. Live Hunters zitten jullie op de hielen.,"Ideaal als teamuitje, bedrijfsuitje of vrijgezellenfeest. Van 8 tot 200 personen.",Dé escape game met live Hunters. Vraag vrijblijvend een datum aan voor jullie groep.
The Hunt - Merk,,,,,,,,,The Hunt Leeuwarden,Enabled,0.60,,,,,,,,,,,,,,,,,,,,,,,,,,,,,,,,,,,,,,,,,
The Hunt - Merk,,,,,,,,,The Hunt Leeuwarden,,,the hunt leeuwarden,Exact,Enabled,,,,,,,,,,,,,,,,,,,,,,,,,,,,,,,,,,,,,,
The Hunt - Merk,,,,,,,,,The Hunt Leeuwarden,,,the hunt leeuwarden,Phrase,Enabled,,,,,,,,,,,,,,,,,,,,,,,,,,,,,,,,,,,,,,
The Hunt - Merk,,,,,,,,,The Hunt Leeuwarden,,,escape game the hunt leeuwarden,Exact,Enabled,,,,,,,,,,,,,,,,,,,,,,,,,,,,,,,,,,,,,,
The Hunt - Merk,,,,,,,,,The Hunt Leeuwarden,,,escape game the hunt leeuwarden,Phrase,Enabled,,,,,,,,,,,,,,,,,,,,,,,,,,,,,,,,,,,,,,
The Hunt - Merk,,,,,,,,,The Hunt Leeuwarden,,,the hunt escape leeuwarden,Exact,Enabled,,,,,,,,,,,,,,,,,,,,,,,,,,,,,,,,,,,,,,
The Hunt - Merk,,,,,,,,,The Hunt Leeuwarden,,,the hunt escape leeuwarden,Phrase,Enabled,,,,,,,,,,,,,,,,,,,,,,,,,,,,,,,,,,,,,,
The Hunt - Merk,,,,,,,,,The Hunt Leeuwarden,,,the hunt escaperoom leeuwarden,Exact,Enabled,,,,,,,,,,,,,,,,,,,,,,,,,,,,,,,,,,,,,,
The Hunt - Merk,,,,,,,,,The Hunt Leeuwarden,,,the hunt escaperoom leeuwarden,Phrase,Enabled,,,,,,,,,,,,,,,,,,,,,,,,,,,,,,,,,,,,,,
The Hunt - Merk,,,,,,,,,The Hunt Leeuwarden,,,,,Enabled,Responsive search ad,https://escapegamethehunt.nl/escape-game-the-hunt-locaties/escape-game-the-hunt-leeuwarden/,The-Hunt,leeuwarden,The Hunt Leeuwarden,1,Escape Game The Hunt,,Ontsnap aan Live Hunters,,Echte Hunters Jagen op Jullie,,Outdoor Escape in Leeuwarden,,90 Minuten Pure Spanning,,Live Hunters op Jullie Hielen,,Teamuitje met Live Hunters,,Vrijgezellenfeest Leeuwarden,,Bedrijfsuitje Leeuwarden,,Officiële Site The Hunt,,Vanaf 8 tot 200 Personen,,"Puzzelen, Rennen, Ontsnappen",,Vrijblijvend Aanvragen,,De Stad Is Jullie Speelveld,,"Ontsnap 90 minuten aan echte live Hunters in Leeuwarden. Puzzelen, rennen en samenwerken!",Geen kamer maar de hele stad als speelveld. Live Hunters zitten jullie op de hielen.,"Ideaal als teamuitje, bedrijfsuitje of vrijgezellenfeest. Van 8 tot 200 personen.",Dé escape game met live Hunters. Vraag vrijblijvend een datum aan voor jullie groep.
The Hunt - Merk,,,,,,,,,The Hunt Drachten,Enabled,0.60,,,,,,,,,,,,,,,,,,,,,,,,,,,,,,,,,,,,,,,,,
The Hunt - Merk,,,,,,,,,The Hunt Drachten,,,the hunt drachten,Exact,Enabled,,,,,,,,,,,,,,,,,,,,,,,,,,,,,,,,,,,,,,
The Hunt - Merk,,,,,,,,,The Hunt Drachten,,,the hunt drachten,Phrase,Enabled,,,,,,,,,,,,,,,,,,,,,,,,,,,,,,,,,,,,,,
The Hunt - Merk,,,,,,,,,The Hunt Drachten,,,escape game the hunt drachten,Exact,Enabled,,,,,,,,,,,,,,,,,,,,,,,,,,,,,,,,,,,,,,
The Hunt - Merk,,,,,,,,,The Hunt Drachten,,,escape game the hunt drachten,Phrase,Enabled,,,,,,,,,,,,,,,,,,,,,,,,,,,,,,,,,,,,,,
The Hunt - Merk,,,,,,,,,The Hunt Drachten,,,the hunt escape drachten,Exact,Enabled,,,,,,,,,,,,,,,,,,,,,,,,,,,,,,,,,,,,,,
The Hunt - Merk,,,,,,,,,The Hunt Drachten,,,the hunt escape drachten,Phrase,Enabled,,,,,,,,,,,,,,,,,,,,,,,,,,,,,,,,,,,,,,
The Hunt - Merk,,,,,,,,,The Hunt Drachten,,,the hunt escaperoom drachten,Exact,Enabled,,,,,,,,,,,,,,,,,,,,,,,,,,,,,,,,,,,,,,
The Hunt - Merk,,,,,,,,,The Hunt Drachten,,,the hunt escaperoom drachten,Phrase,Enabled,,,,,,,,,,,,,,,,,,,,,,,,,,,,,,,,,,,,,,
The Hunt - Merk,,,,,,,,,The Hunt Drachten,,,,,Enabled,Responsive search ad,https://escapegamethehunt.nl/escape-game-the-hunt-locaties/escape-game-the-hunt-drachten/,The-Hunt,drachten,The Hunt Drachten,1,Escape Game The Hunt,,Ontsnap aan Live Hunters,,Echte Hunters Jagen op Jullie,,Outdoor Escape in Drachten,,90 Minuten Pure Spanning,,Live Hunters op Jullie Hielen,,Teamuitje met Live Hunters,,Vrijgezellenfeest Drachten,,Bedrijfsuitje Drachten,,Officiële Site The Hunt,,Vanaf 8 tot 200 Personen,,"Puzzelen, Rennen, Ontsnappen",,Vrijblijvend Aanvragen,,De Stad Is Jullie Speelveld,,"Ontsnap 90 minuten aan echte live Hunters in Drachten. Puzzelen, rennen en samenwerken!",Geen kamer maar de hele stad als speelveld. Live Hunters zitten jullie op de hielen.,"Ideaal als teamuitje, bedrijfsuitje of vrijgezellenfeest. Van 8 tot 200 personen.",Dé escape game met live Hunters. Vraag vrijblijvend een datum aan voor jullie groep.
The Hunt - Merk,,,,,,,,,The Hunt Heerenveen,Enabled,0.60,,,,,,,,,,,,,,,,,,,,,,,,,,,,,,,,,,,,,,,,,
The Hunt - Merk,,,,,,,,,The Hunt Heerenveen,,,the hunt heerenveen,Exact,Enabled,,,,,,,,,,,,,,,,,,,,,,,,,,,,,,,,,,,,,,
The Hunt - Merk,,,,,,,,,The Hunt Heerenveen,,,the hunt heerenveen,Phrase,Enabled,,,,,,,,,,,,,,,,,,,,,,,,,,,,,,,,,,,,,,
The Hunt - Merk,,,,,,,,,The Hunt Heerenveen,,,escape game the hunt heerenveen,Exact,Enabled,,,,,,,,,,,,,,,,,,,,,,,,,,,,,,,,,,,,,,
The Hunt - Merk,,,,,,,,,The Hunt Heerenveen,,,escape game the hunt heerenveen,Phrase,Enabled,,,,,,,,,,,,,,,,,,,,,,,,,,,,,,,,,,,,,,
The Hunt - Merk,,,,,,,,,The Hunt Heerenveen,,,the hunt escape heerenveen,Exact,Enabled,,,,,,,,,,,,,,,,,,,,,,,,,,,,,,,,,,,,,,
The Hunt - Merk,,,,,,,,,The Hunt Heerenveen,,,the hunt escape heerenveen,Phrase,Enabled,,,,,,,,,,,,,,,,,,,,,,,,,,,,,,,,,,,,,,
The Hunt - Merk,,,,,,,,,The Hunt Heerenveen,,,the hunt escaperoom heerenveen,Exact,Enabled,,,,,,,,,,,,,,,,,,,,,,,,,,,,,,,,,,,,,,
The Hunt - Merk,,,,,,,,,The Hunt Heerenveen,,,the hunt escaperoom heerenveen,Phrase,Enabled,,,,,,,,,,,,,,,,,,,,,,,,,,,,,,,,,,,,,,
The Hunt - Merk,,,,,,,,,The Hunt Heerenveen,,,,,Enabled,Responsive search ad,https://escapegamethehunt.nl/escape-game-the-hunt-locaties/escape-game-the-hunt-heerenveen/,The-Hunt,heerenveen,The Hunt Heerenveen,1,Escape Game The Hunt,,Ontsnap aan Live Hunters,,Echte Hunters Jagen op Jullie,,Outdoor Escape in Heerenveen,,90 Minuten Pure Spanning,,Live Hunters op Jullie Hielen,,Teamuitje met Live Hunters,,Vrijgezellenfeest Heerenveen,,Bedrijfsuitje Heerenveen,,Officiële Site The Hunt,,Vanaf 8 tot 200 Personen,,"Puzzelen, Rennen, Ontsnappen",,Vrijblijvend Aanvragen,,De Stad Is Jullie Speelveld,,"Ontsnap 90 minuten aan echte live Hunters in Heerenveen. Puzzelen, rennen en samenwerken!",Geen kamer maar de hele stad als speelveld. Live Hunters zitten jullie op de hielen.,"Ideaal als teamuitje, bedrijfsuitje of vrijgezellenfeest. Van 8 tot 200 personen.",Dé escape game met live Hunters. Vraag vrijblijvend een datum aan voor jullie groep.
The Hunt - Merk,,,,,,,,,The Hunt Assen,Enabled,0.60,,,,,,,,,,,,,,,,,,,,,,,,,,,,,,,,,,,,,,,,,
The Hunt - Merk,,,,,,,,,The Hunt Assen,,,the hunt assen,Exact,Enabled,,,,,,,,,,,,,,,,,,,,,,,,,,,,,,,,,,,,,,
The Hunt - Merk,,,,,,,,,The Hunt Assen,,,the hunt assen,Phrase,Enabled,,,,,,,,,,,,,,,,,,,,,,,,,,,,,,,,,,,,,,
The Hunt - Merk,,,,,,,,,The Hunt Assen,,,escape game the hunt assen,Exact,Enabled,,,,,,,,,,,,,,,,,,,,,,,,,,,,,,,,,,,,,,
The Hunt - Merk,,,,,,,,,The Hunt Assen,,,escape game the hunt assen,Phrase,Enabled,,,,,,,,,,,,,,,,,,,,,,,,,,,,,,,,,,,,,,
The Hunt - Merk,,,,,,,,,The Hunt Assen,,,the hunt escape assen,Exact,Enabled,,,,,,,,,,,,,,,,,,,,,,,,,,,,,,,,,,,,,,
The Hunt - Merk,,,,,,,,,The Hunt Assen,,,the hunt escape assen,Phrase,Enabled,,,,,,,,,,,,,,,,,,,,,,,,,,,,,,,,,,,,,,
The Hunt - Merk,,,,,,,,,The Hunt Assen,,,the hunt escaperoom assen,Exact,Enabled,,,,,,,,,,,,,,,,,,,,,,,,,,,,,,,,,,,,,,
The Hunt - Merk,,,,,,,,,The Hunt Assen,,,the hunt escaperoom assen,Phrase,Enabled,,,,,,,,,,,,,,,,,,,,,,,,,,,,,,,,,,,,,,
The Hunt - Merk,,,,,,,,,The Hunt Assen,,,,,Enabled,Responsive search ad,https://escapegamethehunt.nl/escape-game-the-hunt-locaties/escape-game-the-hunt-assen/,The-Hunt,assen,The Hunt Assen,1,Escape Game The Hunt,,Ontsnap aan Live Hunters,,Echte Hunters Jagen op Jullie,,Outdoor Escape in Assen,,90 Minuten Pure Spanning,,Live Hunters op Jullie Hielen,,Teamuitje met Live Hunters,,Vrijgezellenfeest Assen,,Bedrijfsuitje Assen,,Officiële Site The Hunt,,Vanaf 8 tot 200 Personen,,"Puzzelen, Rennen, Ontsnappen",,Vrijblijvend Aanvragen,,De Stad Is Jullie Speelveld,,"Ontsnap 90 minuten aan echte live Hunters in Assen. Puzzelen, rennen en samenwerken!",Geen kamer maar de hele stad als speelveld. Live Hunters zitten jullie op de hielen.,"Ideaal als teamuitje, bedrijfsuitje of vrijgezellenfeest. Van 8 tot 200 personen.",Dé escape game met live Hunters. Vraag vrijblijvend een datum aan voor jullie groep.
The Hunt - Merk,,,,,,,,,The Hunt Emmen,Enabled,0.60,,,,,,,,,,,,,,,,,,,,,,,,,,,,,,,,,,,,,,,,,
The Hunt - Merk,,,,,,,,,The Hunt Emmen,,,the hunt emmen,Exact,Enabled,,,,,,,,,,,,,,,,,,,,,,,,,,,,,,,,,,,,,,
The Hunt - Merk,,,,,,,,,The Hunt Emmen,,,the hunt emmen,Phrase,Enabled,,,,,,,,,,,,,,,,,,,,,,,,,,,,,,,,,,,,,,
The Hunt - Merk,,,,,,,,,The Hunt Emmen,,,escape game the hunt emmen,Exact,Enabled,,,,,,,,,,,,,,,,,,,,,,,,,,,,,,,,,,,,,,
The Hunt - Merk,,,,,,,,,The Hunt Emmen,,,escape game the hunt emmen,Phrase,Enabled,,,,,,,,,,,,,,,,,,,,,,,,,,,,,,,,,,,,,,
The Hunt - Merk,,,,,,,,,The Hunt Emmen,,,the hunt escape emmen,Exact,Enabled,,,,,,,,,,,,,,,,,,,,,,,,,,,,,,,,,,,,,,
The Hunt - Merk,,,,,,,,,The Hunt Emmen,,,the hunt escape emmen,Phrase,Enabled,,,,,,,,,,,,,,,,,,,,,,,,,,,,,,,,,,,,,,
The Hunt - Merk,,,,,,,,,The Hunt Emmen,,,the hunt escaperoom emmen,Exact,Enabled,,,,,,,,,,,,,,,,,,,,,,,,,,,,,,,,,,,,,,
The Hunt - Merk,,,,,,,,,The Hunt Emmen,,,the hunt escaperoom emmen,Phrase,Enabled,,,,,,,,,,,,,,,,,,,,,,,,,,,,,,,,,,,,,,
The Hunt - Merk,,,,,,,,,The Hunt Emmen,,,,,Enabled,Responsive search ad,https://escapegamethehunt.nl/escape-game-the-hunt-locaties/escape-game-the-hunt-emmen/,The-Hunt,emmen,The Hunt Emmen,1,Escape Game The Hunt,,Ontsnap aan Live Hunters,,Echte Hunters Jagen op Jullie,,Outdoor Escape in Emmen,,90 Minuten Pure Spanning,,Live Hunters op Jullie Hielen,,Teamuitje met Live Hunters,,Vrijgezellenfeest Emmen,,Bedrijfsuitje Emmen,,Officiële Site The Hunt,,Vanaf 8 tot 200 Personen,,"Puzzelen, Rennen, Ontsnappen",,Vrijblijvend Aanvragen,,De Stad Is Jullie Speelveld,,"Ontsnap 90 minuten aan echte live Hunters in Emmen. Puzzelen, rennen en samenwerken!",Geen kamer maar de hele stad als speelveld. Live Hunters zitten jullie op de hielen.,"Ideaal als teamuitje, bedrijfsuitje of vrijgezellenfeest. Van 8 tot 200 personen.",Dé escape game met live Hunters. Vraag vrijblijvend een datum aan voor jullie groep.
The Hunt - Merk,,,,,,,,,The Hunt Meppel,Enabled,0.60,,,,,,,,,,,,,,,,,,,,,,,,,,,,,,,,,,,,,,,,,
The Hunt - Merk,,,,,,,,,The Hunt Meppel,,,the hunt meppel,Exact,Enabled,,,,,,,,,,,,,,,,,,,,,,,,,,,,,,,,,,,,,,
The Hunt - Merk,,,,,,,,,The Hunt Meppel,,,the hunt meppel,Phrase,Enabled,,,,,,,,,,,,,,,,,,,,,,,,,,,,,,,,,,,,,,
The Hunt - Merk,,,,,,,,,The Hunt Meppel,,,escape game the hunt meppel,Exact,Enabled,,,,,,,,,,,,,,,,,,,,,,,,,,,,,,,,,,,,,,
The Hunt - Merk,,,,,,,,,The Hunt Meppel,,,escape game the hunt meppel,Phrase,Enabled,,,,,,,,,,,,,,,,,,,,,,,,,,,,,,,,,,,,,,
The Hunt - Merk,,,,,,,,,The Hunt Meppel,,,the hunt escape meppel,Exact,Enabled,,,,,,,,,,,,,,,,,,,,,,,,,,,,,,,,,,,,,,
The Hunt - Merk,,,,,,,,,The Hunt Meppel,,,the hunt escape meppel,Phrase,Enabled,,,,,,,,,,,,,,,,,,,,,,,,,,,,,,,,,,,,,,
The Hunt - Merk,,,,,,,,,The Hunt Meppel,,,the hunt escaperoom meppel,Exact,Enabled,,,,,,,,,,,,,,,,,,,,,,,,,,,,,,,,,,,,,,
The Hunt - Merk,,,,,,,,,The Hunt Meppel,,,the hunt escaperoom meppel,Phrase,Enabled,,,,,,,,,,,,,,,,,,,,,,,,,,,,,,,,,,,,,,
The Hunt - Merk,,,,,,,,,The Hunt Meppel,,,,,Enabled,Responsive search ad,https://escapegamethehunt.nl/escape-game-the-hunt-locaties/escape-game-the-hunt-meppel/,The-Hunt,meppel,The Hunt Meppel,1,Escape Game The Hunt,,Ontsnap aan Live Hunters,,Echte Hunters Jagen op Jullie,,Outdoor Escape in Meppel,,90 Minuten Pure Spanning,,Live Hunters op Jullie Hielen,,Teamuitje met Live Hunters,,Vrijgezellenfeest Meppel,,Bedrijfsuitje Meppel,,Officiële Site The Hunt,,Vanaf 8 tot 200 Personen,,"Puzzelen, Rennen, Ontsnappen",,Vrijblijvend Aanvragen,,De Stad Is Jullie Speelveld,,"Ontsnap 90 minuten aan echte live Hunters in Meppel. Puzzelen, rennen en samenwerken!",Geen kamer maar de hele stad als speelveld. Live Hunters zitten jullie op de hielen.,"Ideaal als teamuitje, bedrijfsuitje of vrijgezellenfeest. Van 8 tot 200 personen.",Dé escape game met live Hunters. Vraag vrijblijvend een datum aan voor jullie groep.
The Hunt - Merk,,,,,,,,,The Hunt Zwolle,Enabled,0.90,,,,,,,,,,,,,,,,,,,,,,,,,,,,,,,,,,,,,,,,,
The Hunt - Merk,,,,,,,,,The Hunt Zwolle,,,the hunt zwolle,Exact,Enabled,,,,,,,,,,,,,,,,,,,,,,,,,,,,,,,,,,,,,,
The Hunt - Merk,,,,,,,,,The Hunt Zwolle,,,the hunt zwolle,Phrase,Enabled,,,,,,,,,,,,,,,,,,,,,,,,,,,,,,,,,,,,,,
The Hunt - Merk,,,,,,,,,The Hunt Zwolle,,,escape game the hunt zwolle,Exact,Enabled,,,,,,,,,,,,,,,,,,,,,,,,,,,,,,,,,,,,,,
The Hunt - Merk,,,,,,,,,The Hunt Zwolle,,,escape game the hunt zwolle,Phrase,Enabled,,,,,,,,,,,,,,,,,,,,,,,,,,,,,,,,,,,,,,
The Hunt - Merk,,,,,,,,,The Hunt Zwolle,,,the hunt escape zwolle,Exact,Enabled,,,,,,,,,,,,,,,,,,,,,,,,,,,,,,,,,,,,,,
The Hunt - Merk,,,,,,,,,The Hunt Zwolle,,,the hunt escape zwolle,Phrase,Enabled,,,,,,,,,,,,,,,,,,,,,,,,,,,,,,,,,,,,,,
The Hunt - Merk,,,,,,,,,The Hunt Zwolle,,,the hunt escaperoom zwolle,Exact,Enabled,,,,,,,,,,,,,,,,,,,,,,,,,,,,,,,,,,,,,,
The Hunt - Merk,,,,,,,,,The Hunt Zwolle,,,the hunt escaperoom zwolle,Phrase,Enabled,,,,,,,,,,,,,,,,,,,,,,,,,,,,,,,,,,,,,,
The Hunt - Merk,,,,,,,,,The Hunt Zwolle,,,,,Enabled,Responsive search ad,https://escapegamethehunt.nl/escape-game-the-hunt-locaties/escape-game-the-hunt-zwolle/,The-Hunt,zwolle,The Hunt Zwolle,1,Escape Game The Hunt,,Ontsnap aan Live Hunters,,Echte Hunters Jagen op Jullie,,Outdoor Escape in Zwolle,,90 Minuten Pure Spanning,,Live Hunters op Jullie Hielen,,Teamuitje met Live Hunters,,Vrijgezellenfeest Zwolle,,Bedrijfsuitje Zwolle,,Officiële Site The Hunt,,Vanaf 8 tot 200 Personen,,"Puzzelen, Rennen, Ontsnappen",,Vrijblijvend Aanvragen,,De Stad Is Jullie Speelveld,,"Ontsnap 90 minuten aan echte live Hunters in Zwolle. Puzzelen, rennen en samenwerken!",Geen kamer maar de hele stad als speelveld. Live Hunters zitten jullie op de hielen.,"Ideaal als teamuitje, bedrijfsuitje of vrijgezellenfeest. Van 8 tot 200 personen.",Dé escape game met live Hunters. Vraag vrijblijvend een datum aan voor jullie groep.
The Hunt - Merk,,,,,,,,,The Hunt Kampen,Enabled,0.60,,,,,,,,,,,,,,,,,,,,,,,,,,,,,,,,,,,,,,,,,
The Hunt - Merk,,,,,,,,,The Hunt Kampen,,,the hunt kampen,Exact,Enabled,,,,,,,,,,,,,,,,,,,,,,,,,,,,,,,,,,,,,,
The Hunt - Merk,,,,,,,,,The Hunt Kampen,,,the hunt kampen,Phrase,Enabled,,,,,,,,,,,,,,,,,,,,,,,,,,,,,,,,,,,,,,
The Hunt - Merk,,,,,,,,,The Hunt Kampen,,,escape game the hunt kampen,Exact,Enabled,,,,,,,,,,,,,,,,,,,,,,,,,,,,,,,,,,,,,,
The Hunt - Merk,,,,,,,,,The Hunt Kampen,,,escape game the hunt kampen,Phrase,Enabled,,,,,,,,,,,,,,,,,,,,,,,,,,,,,,,,,,,,,,
The Hunt - Merk,,,,,,,,,The Hunt Kampen,,,the hunt escape kampen,Exact,Enabled,,,,,,,,,,,,,,,,,,,,,,,,,,,,,,,,,,,,,,
The Hunt - Merk,,,,,,,,,The Hunt Kampen,,,the hunt escape kampen,Phrase,Enabled,,,,,,,,,,,,,,,,,,,,,,,,,,,,,,,,,,,,,,
The Hunt - Merk,,,,,,,,,The Hunt Kampen,,,the hunt escaperoom kampen,Exact,Enabled,,,,,,,,,,,,,,,,,,,,,,,,,,,,,,,,,,,,,,
The Hunt - Merk,,,,,,,,,The Hunt Kampen,,,the hunt escaperoom kampen,Phrase,Enabled,,,,,,,,,,,,,,,,,,,,,,,,,,,,,,,,,,,,,,
The Hunt - Merk,,,,,,,,,The Hunt Kampen,,,,,Enabled,Responsive search ad,https://escapegamethehunt.nl/escape-game-the-hunt-locaties/escape-game-the-hunt-kampen/,The-Hunt,kampen,The Hunt Kampen,1,Escape Game The Hunt,,Ontsnap aan Live Hunters,,Echte Hunters Jagen op Jullie,,Outdoor Escape in Kampen,,90 Minuten Pure Spanning,,Live Hunters op Jullie Hielen,,Teamuitje met Live Hunters,,Vrijgezellenfeest Kampen,,Bedrijfsuitje Kampen,,Officiële Site The Hunt,,Vanaf 8 tot 200 Personen,,"Puzzelen, Rennen, Ontsnappen",,Vrijblijvend Aanvragen,,De Stad Is Jullie Speelveld,,"Ontsnap 90 minuten aan echte live Hunters in Kampen. Puzzelen, rennen en samenwerken!",Geen kamer maar de hele stad als speelveld. Live Hunters zitten jullie op de hielen.,"Ideaal als teamuitje, bedrijfsuitje of vrijgezellenfeest. Van 8 tot 200 personen.",Dé escape game met live Hunters. Vraag vrijblijvend een datum aan voor jullie groep.
The Hunt - Merk,,,,,,,,,The Hunt Steenwijk,Enabled,0.60,,,,,,,,,,,,,,,,,,,,,,,,,,,,,,,,,,,,,,,,,
The Hunt - Merk,,,,,,,,,The Hunt Steenwijk,,,the hunt steenwijk,Exact,Enabled,,,,,,,,,,,,,,,,,,,,,,,,,,,,,,,,,,,,,,
The Hunt - Merk,,,,,,,,,The Hunt Steenwijk,,,the hunt steenwijk,Phrase,Enabled,,,,,,,,,,,,,,,,,,,,,,,,,,,,,,,,,,,,,,
The Hunt - Merk,,,,,,,,,The Hunt Steenwijk,,,escape game the hunt steenwijk,Exact,Enabled,,,,,,,,,,,,,,,,,,,,,,,,,,,,,,,,,,,,,,
The Hunt - Merk,,,,,,,,,The Hunt Steenwijk,,,escape game the hunt steenwijk,Phrase,Enabled,,,,,,,,,,,,,,,,,,,,,,,,,,,,,,,,,,,,,,
The Hunt - Merk,,,,,,,,,The Hunt Steenwijk,,,the hunt escape steenwijk,Exact,Enabled,,,,,,,,,,,,,,,,,,,,,,,,,,,,,,,,,,,,,,
The Hunt - Merk,,,,,,,,,The Hunt Steenwijk,,,the hunt escape steenwijk,Phrase,Enabled,,,,,,,,,,,,,,,,,,,,,,,,,,,,,,,,,,,,,,
The Hunt - Merk,,,,,,,,,The Hunt Steenwijk,,,the hunt escaperoom steenwijk,Exact,Enabled,,,,,,,,,,,,,,,,,,,,,,,,,,,,,,,,,,,,,,
The Hunt - Merk,,,,,,,,,The Hunt Steenwijk,,,the hunt escaperoom steenwijk,Phrase,Enabled,,,,,,,,,,,,,,,,,,,,,,,,,,,,,,,,,,,,,,
The Hunt - Merk,,,,,,,,,The Hunt Steenwijk,,,,,Enabled,Responsive search ad,https://escapegamethehunt.nl/escape-game-the-hunt-locaties/escape-game-the-hunt-steenwijk/,The-Hunt,steenwijk,The Hunt Steenwijk,1,Escape Game The Hunt,,Ontsnap aan Live Hunters,,Echte Hunters Jagen op Jullie,,Outdoor Escape in Steenwijk,,90 Minuten Pure Spanning,,Live Hunters op Jullie Hielen,,Teamuitje met Live Hunters,,Vrijgezellenfeest Steenwijk,,Bedrijfsuitje Steenwijk,,Officiële Site The Hunt,,Vanaf 8 tot 200 Personen,,"Puzzelen, Rennen, Ontsnappen",,Vrijblijvend Aanvragen,,De Stad Is Jullie Speelveld,,"Ontsnap 90 minuten aan echte live Hunters in Steenwijk. Puzzelen, rennen en samenwerken!",Geen kamer maar de hele stad als speelveld. Live Hunters zitten jullie op de hielen.,"Ideaal als teamuitje, bedrijfsuitje of vrijgezellenfeest. Van 8 tot 200 personen.",Dé escape game met live Hunters. Vraag vrijblijvend een datum aan voor jullie groep.
The Hunt - Merk,,,,,,,,,The Hunt Deventer,Enabled,0.60,,,,,,,,,,,,,,,,,,,,,,,,,,,,,,,,,,,,,,,,,
The Hunt - Merk,,,,,,,,,The Hunt Deventer,,,the hunt deventer,Exact,Enabled,,,,,,,,,,,,,,,,,,,,,,,,,,,,,,,,,,,,,,
The Hunt - Merk,,,,,,,,,The Hunt Deventer,,,the hunt deventer,Phrase,Enabled,,,,,,,,,,,,,,,,,,,,,,,,,,,,,,,,,,,,,,
The Hunt - Merk,,,,,,,,,The Hunt Deventer,,,escape game the hunt deventer,Exact,Enabled,,,,,,,,,,,,,,,,,,,,,,,,,,,,,,,,,,,,,,
The Hunt - Merk,,,,,,,,,The Hunt Deventer,,,escape game the hunt deventer,Phrase,Enabled,,,,,,,,,,,,,,,,,,,,,,,,,,,,,,,,,,,,,,
The Hunt - Merk,,,,,,,,,The Hunt Deventer,,,the hunt escape deventer,Exact,Enabled,,,,,,,,,,,,,,,,,,,,,,,,,,,,,,,,,,,,,,
The Hunt - Merk,,,,,,,,,The Hunt Deventer,,,the hunt escape deventer,Phrase,Enabled,,,,,,,,,,,,,,,,,,,,,,,,,,,,,,,,,,,,,,
The Hunt - Merk,,,,,,,,,The Hunt Deventer,,,the hunt escaperoom deventer,Exact,Enabled,,,,,,,,,,,,,,,,,,,,,,,,,,,,,,,,,,,,,,
The Hunt - Merk,,,,,,,,,The Hunt Deventer,,,the hunt escaperoom deventer,Phrase,Enabled,,,,,,,,,,,,,,,,,,,,,,,,,,,,,,,,,,,,,,
The Hunt - Merk,,,,,,,,,The Hunt Deventer,,,,,Enabled,Responsive search ad,https://escapegamethehunt.nl/escape-game-the-hunt-locaties/escape-game-the-hunt-deventer/,The-Hunt,deventer,The Hunt Deventer,1,Escape Game The Hunt,,Ontsnap aan Live Hunters,,Echte Hunters Jagen op Jullie,,Outdoor Escape in Deventer,,90 Minuten Pure Spanning,,Live Hunters op Jullie Hielen,,Teamuitje met Live Hunters,,Vrijgezellenfeest Deventer,,Bedrijfsuitje Deventer,,Officiële Site The Hunt,,Vanaf 8 tot 200 Personen,,"Puzzelen, Rennen, Ontsnappen",,Vrijblijvend Aanvragen,,De Stad Is Jullie Speelveld,,"Ontsnap 90 minuten aan echte live Hunters in Deventer. Puzzelen, rennen en samenwerken!",Geen kamer maar de hele stad als speelveld. Live Hunters zitten jullie op de hielen.,"Ideaal als teamuitje, bedrijfsuitje of vrijgezellenfeest. Van 8 tot 200 personen.",Dé escape game met live Hunters. Vraag vrijblijvend een datum aan voor jullie groep.
The Hunt - Merk,,,,,,,,,The Hunt Almelo,Enabled,0.60,,,,,,,,,,,,,,,,,,,,,,,,,,,,,,,,,,,,,,,,,
The Hunt - Merk,,,,,,,,,The Hunt Almelo,,,the hunt almelo,Exact,Enabled,,,,,,,,,,,,,,,,,,,,,,,,,,,,,,,,,,,,,,
The Hunt - Merk,,,,,,,,,The Hunt Almelo,,,the hunt almelo,Phrase,Enabled,,,,,,,,,,,,,,,,,,,,,,,,,,,,,,,,,,,,,,
The Hunt - Merk,,,,,,,,,The Hunt Almelo,,,escape game the hunt almelo,Exact,Enabled,,,,,,,,,,,,,,,,,,,,,,,,,,,,,,,,,,,,,,
The Hunt - Merk,,,,,,,,,The Hunt Almelo,,,escape game the hunt almelo,Phrase,Enabled,,,,,,,,,,,,,,,,,,,,,,,,,,,,,,,,,,,,,,
The Hunt - Merk,,,,,,,,,The Hunt Almelo,,,the hunt escape almelo,Exact,Enabled,,,,,,,,,,,,,,,,,,,,,,,,,,,,,,,,,,,,,,
The Hunt - Merk,,,,,,,,,The Hunt Almelo,,,the hunt escape almelo,Phrase,Enabled,,,,,,,,,,,,,,,,,,,,,,,,,,,,,,,,,,,,,,
The Hunt - Merk,,,,,,,,,The Hunt Almelo,,,the hunt escaperoom almelo,Exact,Enabled,,,,,,,,,,,,,,,,,,,,,,,,,,,,,,,,,,,,,,
The Hunt - Merk,,,,,,,,,The Hunt Almelo,,,the hunt escaperoom almelo,Phrase,Enabled,,,,,,,,,,,,,,,,,,,,,,,,,,,,,,,,,,,,,,
The Hunt - Merk,,,,,,,,,The Hunt Almelo,,,,,Enabled,Responsive search ad,https://escapegamethehunt.nl/escape-game-the-hunt-locaties/escape-game-the-hunt-almelo/,The-Hunt,almelo,The Hunt Almelo,1,Escape Game The Hunt,,Ontsnap aan Live Hunters,,Echte Hunters Jagen op Jullie,,Outdoor Escape in Almelo,,90 Minuten Pure Spanning,,Live Hunters op Jullie Hielen,,Teamuitje met Live Hunters,,Vrijgezellenfeest Almelo,,Bedrijfsuitje Almelo,,Officiële Site The Hunt,,Vanaf 8 tot 200 Personen,,"Puzzelen, Rennen, Ontsnappen",,Vrijblijvend Aanvragen,,De Stad Is Jullie Speelveld,,"Ontsnap 90 minuten aan echte live Hunters in Almelo. Puzzelen, rennen en samenwerken!",Geen kamer maar de hele stad als speelveld. Live Hunters zitten jullie op de hielen.,"Ideaal als teamuitje, bedrijfsuitje of vrijgezellenfeest. Van 8 tot 200 personen.",Dé escape game met live Hunters. Vraag vrijblijvend een datum aan voor jullie groep.
The Hunt - Merk,,,,,,,,,The Hunt Enschede,Enabled,0.60,,,,,,,,,,,,,,,,,,,,,,,,,,,,,,,,,,,,,,,,,
The Hunt - Merk,,,,,,,,,The Hunt Enschede,,,the hunt enschede,Exact,Enabled,,,,,,,,,,,,,,,,,,,,,,,,,,,,,,,,,,,,,,
The Hunt - Merk,,,,,,,,,The Hunt Enschede,,,the hunt enschede,Phrase,Enabled,,,,,,,,,,,,,,,,,,,,,,,,,,,,,,,,,,,,,,
The Hunt - Merk,,,,,,,,,The Hunt Enschede,,,escape game the hunt enschede,Exact,Enabled,,,,,,,,,,,,,,,,,,,,,,,,,,,,,,,,,,,,,,
The Hunt - Merk,,,,,,,,,The Hunt Enschede,,,escape game the hunt enschede,Phrase,Enabled,,,,,,,,,,,,,,,,,,,,,,,,,,,,,,,,,,,,,,
The Hunt - Merk,,,,,,,,,The Hunt Enschede,,,the hunt escape enschede,Exact,Enabled,,,,,,,,,,,,,,,,,,,,,,,,,,,,,,,,,,,,,,
The Hunt - Merk,,,,,,,,,The Hunt Enschede,,,the hunt escape enschede,Phrase,Enabled,,,,,,,,,,,,,,,,,,,,,,,,,,,,,,,,,,,,,,
The Hunt - Merk,,,,,,,,,The Hunt Enschede,,,the hunt escaperoom enschede,Exact,Enabled,,,,,,,,,,,,,,,,,,,,,,,,,,,,,,,,,,,,,,
The Hunt - Merk,,,,,,,,,The Hunt Enschede,,,the hunt escaperoom enschede,Phrase,Enabled,,,,,,,,,,,,,,,,,,,,,,,,,,,,,,,,,,,,,,
The Hunt - Merk,,,,,,,,,The Hunt Enschede,,,,,Enabled,Responsive search ad,https://escapegamethehunt.nl/escape-game-the-hunt-locaties/escape-game-the-hunt-enschede/,The-Hunt,enschede,The Hunt Enschede,1,Escape Game The Hunt,,Ontsnap aan Live Hunters,,Echte Hunters Jagen op Jullie,,Outdoor Escape in Enschede,,90 Minuten Pure Spanning,,Live Hunters op Jullie Hielen,,Teamuitje met Live Hunters,,Vrijgezellenfeest Enschede,,Bedrijfsuitje Enschede,,Officiële Site The Hunt,,Vanaf 8 tot 200 Personen,,"Puzzelen, Rennen, Ontsnappen",,Vrijblijvend Aanvragen,,De Stad Is Jullie Speelveld,,"Ontsnap 90 minuten aan echte live Hunters in Enschede. Puzzelen, rennen en samenwerken!",Geen kamer maar de hele stad als speelveld. Live Hunters zitten jullie op de hielen.,"Ideaal als teamuitje, bedrijfsuitje of vrijgezellenfeest. Van 8 tot 200 personen.",Dé escape game met live Hunters. Vraag vrijblijvend een datum aan voor jullie groep.
The Hunt - Merk,,,,,,,,,The Hunt Oldenzaal,Enabled,0.60,,,,,,,,,,,,,,,,,,,,,,,,,,,,,,,,,,,,,,,,,
The Hunt - Merk,,,,,,,,,The Hunt Oldenzaal,,,the hunt oldenzaal,Exact,Enabled,,,,,,,,,,,,,,,,,,,,,,,,,,,,,,,,,,,,,,
The Hunt - Merk,,,,,,,,,The Hunt Oldenzaal,,,the hunt oldenzaal,Phrase,Enabled,,,,,,,,,,,,,,,,,,,,,,,,,,,,,,,,,,,,,,
The Hunt - Merk,,,,,,,,,The Hunt Oldenzaal,,,escape game the hunt oldenzaal,Exact,Enabled,,,,,,,,,,,,,,,,,,,,,,,,,,,,,,,,,,,,,,
The Hunt - Merk,,,,,,,,,The Hunt Oldenzaal,,,escape game the hunt oldenzaal,Phrase,Enabled,,,,,,,,,,,,,,,,,,,,,,,,,,,,,,,,,,,,,,
The Hunt - Merk,,,,,,,,,The Hunt Oldenzaal,,,the hunt escape oldenzaal,Exact,Enabled,,,,,,,,,,,,,,,,,,,,,,,,,,,,,,,,,,,,,,
The Hunt - Merk,,,,,,,,,The Hunt Oldenzaal,,,the hunt escape oldenzaal,Phrase,Enabled,,,,,,,,,,,,,,,,,,,,,,,,,,,,,,,,,,,,,,
The Hunt - Merk,,,,,,,,,The Hunt Oldenzaal,,,the hunt escaperoom oldenzaal,Exact,Enabled,,,,,,,,,,,,,,,,,,,,,,,,,,,,,,,,,,,,,,
The Hunt - Merk,,,,,,,,,The Hunt Oldenzaal,,,the hunt escaperoom oldenzaal,Phrase,Enabled,,,,,,,,,,,,,,,,,,,,,,,,,,,,,,,,,,,,,,
The Hunt - Merk,,,,,,,,,The Hunt Oldenzaal,,,,,Enabled,Responsive search ad,https://escapegamethehunt.nl/escape-game-the-hunt-locaties/escape-game-the-hunt-oldenzaal/,The-Hunt,oldenzaal,The Hunt Oldenzaal,1,Escape Game The Hunt,,Ontsnap aan Live Hunters,,Echte Hunters Jagen op Jullie,,Outdoor Escape in Oldenzaal,,90 Minuten Pure Spanning,,Live Hunters op Jullie Hielen,,Teamuitje met Live Hunters,,Vrijgezellenfeest Oldenzaal,,Bedrijfsuitje Oldenzaal,,Officiële Site The Hunt,,Vanaf 8 tot 200 Personen,,"Puzzelen, Rennen, Ontsnappen",,Vrijblijvend Aanvragen,,De Stad Is Jullie Speelveld,,"Ontsnap 90 minuten aan echte live Hunters in Oldenzaal. Puzzelen, rennen en samenwerken!",Geen kamer maar de hele stad als speelveld. Live Hunters zitten jullie op de hielen.,"Ideaal als teamuitje, bedrijfsuitje of vrijgezellenfeest. Van 8 tot 200 personen.",Dé escape game met live Hunters. Vraag vrijblijvend een datum aan voor jullie groep.
The Hunt - Merk,,,,,,,,,The Hunt Almere,Enabled,0.60,,,,,,,,,,,,,,,,,,,,,,,,,,,,,,,,,,,,,,,,,
The Hunt - Merk,,,,,,,,,The Hunt Almere,,,the hunt almere,Exact,Enabled,,,,,,,,,,,,,,,,,,,,,,,,,,,,,,,,,,,,,,
The Hunt - Merk,,,,,,,,,The Hunt Almere,,,the hunt almere,Phrase,Enabled,,,,,,,,,,,,,,,,,,,,,,,,,,,,,,,,,,,,,,
The Hunt - Merk,,,,,,,,,The Hunt Almere,,,escape game the hunt almere,Exact,Enabled,,,,,,,,,,,,,,,,,,,,,,,,,,,,,,,,,,,,,,
The Hunt - Merk,,,,,,,,,The Hunt Almere,,,escape game the hunt almere,Phrase,Enabled,,,,,,,,,,,,,,,,,,,,,,,,,,,,,,,,,,,,,,
The Hunt - Merk,,,,,,,,,The Hunt Almere,,,the hunt escape almere,Exact,Enabled,,,,,,,,,,,,,,,,,,,,,,,,,,,,,,,,,,,,,,
The Hunt - Merk,,,,,,,,,The Hunt Almere,,,the hunt escape almere,Phrase,Enabled,,,,,,,,,,,,,,,,,,,,,,,,,,,,,,,,,,,,,,
The Hunt - Merk,,,,,,,,,The Hunt Almere,,,the hunt escaperoom almere,Exact,Enabled,,,,,,,,,,,,,,,,,,,,,,,,,,,,,,,,,,,,,,
The Hunt - Merk,,,,,,,,,The Hunt Almere,,,the hunt escaperoom almere,Phrase,Enabled,,,,,,,,,,,,,,,,,,,,,,,,,,,,,,,,,,,,,,
The Hunt - Merk,,,,,,,,,The Hunt Almere,,,,,Enabled,Responsive search ad,https://escapegamethehunt.nl/escape-game-the-hunt-locaties/escape-game-the-hunt-almere/,The-Hunt,almere,The Hunt Almere,1,Escape Game The Hunt,,Ontsnap aan Live Hunters,,Echte Hunters Jagen op Jullie,,Outdoor Escape in Almere,,90 Minuten Pure Spanning,,Live Hunters op Jullie Hielen,,Teamuitje met Live Hunters,,Vrijgezellenfeest Almere,,Bedrijfsuitje Almere,,Officiële Site The Hunt,,Vanaf 8 tot 200 Personen,,"Puzzelen, Rennen, Ontsnappen",,Vrijblijvend Aanvragen,,De Stad Is Jullie Speelveld,,"Ontsnap 90 minuten aan echte live Hunters in Almere. Puzzelen, rennen en samenwerken!",Geen kamer maar de hele stad als speelveld. Live Hunters zitten jullie op de hielen.,"Ideaal als teamuitje, bedrijfsuitje of vrijgezellenfeest. Van 8 tot 200 personen.",Dé escape game met live Hunters. Vraag vrijblijvend een datum aan voor jullie groep.
The Hunt - Merk,,,,,,,,,The Hunt Arnhem,Enabled,0.60,,,,,,,,,,,,,,,,,,,,,,,,,,,,,,,,,,,,,,,,,
The Hunt - Merk,,,,,,,,,The Hunt Arnhem,,,the hunt arnhem,Exact,Enabled,,,,,,,,,,,,,,,,,,,,,,,,,,,,,,,,,,,,,,
The Hunt - Merk,,,,,,,,,The Hunt Arnhem,,,the hunt arnhem,Phrase,Enabled,,,,,,,,,,,,,,,,,,,,,,,,,,,,,,,,,,,,,,
The Hunt - Merk,,,,,,,,,The Hunt Arnhem,,,escape game the hunt arnhem,Exact,Enabled,,,,,,,,,,,,,,,,,,,,,,,,,,,,,,,,,,,,,,
The Hunt - Merk,,,,,,,,,The Hunt Arnhem,,,escape game the hunt arnhem,Phrase,Enabled,,,,,,,,,,,,,,,,,,,,,,,,,,,,,,,,,,,,,,
The Hunt - Merk,,,,,,,,,The Hunt Arnhem,,,the hunt escape arnhem,Exact,Enabled,,,,,,,,,,,,,,,,,,,,,,,,,,,,,,,,,,,,,,
The Hunt - Merk,,,,,,,,,The Hunt Arnhem,,,the hunt escape arnhem,Phrase,Enabled,,,,,,,,,,,,,,,,,,,,,,,,,,,,,,,,,,,,,,
The Hunt - Merk,,,,,,,,,The Hunt Arnhem,,,the hunt escaperoom arnhem,Exact,Enabled,,,,,,,,,,,,,,,,,,,,,,,,,,,,,,,,,,,,,,
The Hunt - Merk,,,,,,,,,The Hunt Arnhem,,,the hunt escaperoom arnhem,Phrase,Enabled,,,,,,,,,,,,,,,,,,,,,,,,,,,,,,,,,,,,,,
The Hunt - Merk,,,,,,,,,The Hunt Arnhem,,,,,Enabled,Responsive search ad,https://escapegamethehunt.nl/escape-game-the-hunt-locaties/escape-game-the-hunt-arnhem/,The-Hunt,arnhem,The Hunt Arnhem,1,Escape Game The Hunt,,Ontsnap aan Live Hunters,,Echte Hunters Jagen op Jullie,,Outdoor Escape in Arnhem,,90 Minuten Pure Spanning,,Live Hunters op Jullie Hielen,,Teamuitje met Live Hunters,,Vrijgezellenfeest Arnhem,,Bedrijfsuitje Arnhem,,Officiële Site The Hunt,,Vanaf 8 tot 200 Personen,,"Puzzelen, Rennen, Ontsnappen",,Vrijblijvend Aanvragen,,De Stad Is Jullie Speelveld,,"Ontsnap 90 minuten aan echte live Hunters in Arnhem. Puzzelen, rennen en samenwerken!",Geen kamer maar de hele stad als speelveld. Live Hunters zitten jullie op de hielen.,"Ideaal als teamuitje, bedrijfsuitje of vrijgezellenfeest. Van 8 tot 200 personen.",Dé escape game met live Hunters. Vraag vrijblijvend een datum aan voor jullie groep.
The Hunt - Merk,,,,,,,,,The Hunt Nijmegen,Enabled,0.60,,,,,,,,,,,,,,,,,,,,,,,,,,,,,,,,,,,,,,,,,
The Hunt - Merk,,,,,,,,,The Hunt Nijmegen,,,the hunt nijmegen,Exact,Enabled,,,,,,,,,,,,,,,,,,,,,,,,,,,,,,,,,,,,,,
The Hunt - Merk,,,,,,,,,The Hunt Nijmegen,,,the hunt nijmegen,Phrase,Enabled,,,,,,,,,,,,,,,,,,,,,,,,,,,,,,,,,,,,,,
The Hunt - Merk,,,,,,,,,The Hunt Nijmegen,,,escape game the hunt nijmegen,Exact,Enabled,,,,,,,,,,,,,,,,,,,,,,,,,,,,,,,,,,,,,,
The Hunt - Merk,,,,,,,,,The Hunt Nijmegen,,,escape game the hunt nijmegen,Phrase,Enabled,,,,,,,,,,,,,,,,,,,,,,,,,,,,,,,,,,,,,,
The Hunt - Merk,,,,,,,,,The Hunt Nijmegen,,,the hunt escape nijmegen,Exact,Enabled,,,,,,,,,,,,,,,,,,,,,,,,,,,,,,,,,,,,,,
The Hunt - Merk,,,,,,,,,The Hunt Nijmegen,,,the hunt escape nijmegen,Phrase,Enabled,,,,,,,,,,,,,,,,,,,,,,,,,,,,,,,,,,,,,,
The Hunt - Merk,,,,,,,,,The Hunt Nijmegen,,,the hunt escaperoom nijmegen,Exact,Enabled,,,,,,,,,,,,,,,,,,,,,,,,,,,,,,,,,,,,,,
The Hunt - Merk,,,,,,,,,The Hunt Nijmegen,,,the hunt escaperoom nijmegen,Phrase,Enabled,,,,,,,,,,,,,,,,,,,,,,,,,,,,,,,,,,,,,,
The Hunt - Merk,,,,,,,,,The Hunt Nijmegen,,,,,Enabled,Responsive search ad,https://escapegamethehunt.nl/escape-game-the-hunt-locaties/escape-game-the-hunt-nijmegen/,The-Hunt,nijmegen,The Hunt Nijmegen,1,Escape Game The Hunt,,Ontsnap aan Live Hunters,,Echte Hunters Jagen op Jullie,,Outdoor Escape in Nijmegen,,90 Minuten Pure Spanning,,Live Hunters op Jullie Hielen,,Teamuitje met Live Hunters,,Vrijgezellenfeest Nijmegen,,Bedrijfsuitje Nijmegen,,Officiële Site The Hunt,,Vanaf 8 tot 200 Personen,,"Puzzelen, Rennen, Ontsnappen",,Vrijblijvend Aanvragen,,De Stad Is Jullie Speelveld,,"Ontsnap 90 minuten aan echte live Hunters in Nijmegen. Puzzelen, rennen en samenwerken!",Geen kamer maar de hele stad als speelveld. Live Hunters zitten jullie op de hielen.,"Ideaal als teamuitje, bedrijfsuitje of vrijgezellenfeest. Van 8 tot 200 personen.",Dé escape game met live Hunters. Vraag vrijblijvend een datum aan voor jullie groep.
The Hunt - Merk,,,,,,,,,The Hunt Utrecht,Enabled,0.60,,,,,,,,,,,,,,,,,,,,,,,,,,,,,,,,,,,,,,,,,
The Hunt - Merk,,,,,,,,,The Hunt Utrecht,,,the hunt utrecht,Exact,Enabled,,,,,,,,,,,,,,,,,,,,,,,,,,,,,,,,,,,,,,
The Hunt - Merk,,,,,,,,,The Hunt Utrecht,,,the hunt utrecht,Phrase,Enabled,,,,,,,,,,,,,,,,,,,,,,,,,,,,,,,,,,,,,,
The Hunt - Merk,,,,,,,,,The Hunt Utrecht,,,escape game the hunt utrecht,Exact,Enabled,,,,,,,,,,,,,,,,,,,,,,,,,,,,,,,,,,,,,,
The Hunt - Merk,,,,,,,,,The Hunt Utrecht,,,escape game the hunt utrecht,Phrase,Enabled,,,,,,,,,,,,,,,,,,,,,,,,,,,,,,,,,,,,,,
The Hunt - Merk,,,,,,,,,The Hunt Utrecht,,,the hunt escape utrecht,Exact,Enabled,,,,,,,,,,,,,,,,,,,,,,,,,,,,,,,,,,,,,,
The Hunt - Merk,,,,,,,,,The Hunt Utrecht,,,the hunt escape utrecht,Phrase,Enabled,,,,,,,,,,,,,,,,,,,,,,,,,,,,,,,,,,,,,,
The Hunt - Merk,,,,,,,,,The Hunt Utrecht,,,the hunt escaperoom utrecht,Exact,Enabled,,,,,,,,,,,,,,,,,,,,,,,,,,,,,,,,,,,,,,
The Hunt - Merk,,,,,,,,,The Hunt Utrecht,,,the hunt escaperoom utrecht,Phrase,Enabled,,,,,,,,,,,,,,,,,,,,,,,,,,,,,,,,,,,,,,
The Hunt - Merk,,,,,,,,,The Hunt Utrecht,,,,,Enabled,Responsive search ad,https://escapegamethehunt.nl/escape-game-the-hunt-locaties/escape-game-the-hunt-utrecht/,The-Hunt,utrecht,The Hunt Utrecht,1,Escape Game The Hunt,,Ontsnap aan Live Hunters,,Echte Hunters Jagen op Jullie,,Outdoor Escape in Utrecht,,90 Minuten Pure Spanning,,Live Hunters op Jullie Hielen,,Teamuitje met Live Hunters,,Vrijgezellenfeest Utrecht,,Bedrijfsuitje Utrecht,,Officiële Site The Hunt,,Vanaf 8 tot 200 Personen,,"Puzzelen, Rennen, Ontsnappen",,Vrijblijvend Aanvragen,,De Stad Is Jullie Speelveld,,"Ontsnap 90 minuten aan echte live Hunters in Utrecht. Puzzelen, rennen en samenwerken!",Geen kamer maar de hele stad als speelveld. Live Hunters zitten jullie op de hielen.,"Ideaal als teamuitje, bedrijfsuitje of vrijgezellenfeest. Van 8 tot 200 personen.",Dé escape game met live Hunters. Vraag vrijblijvend een datum aan voor jullie groep.
The Hunt - Merk,,,,,,,,,The Hunt Amersfoort,Enabled,1.00,,,,,,,,,,,,,,,,,,,,,,,,,,,,,,,,,,,,,,,,,
The Hunt - Merk,,,,,,,,,The Hunt Amersfoort,,,the hunt amersfoort,Exact,Enabled,,,,,,,,,,,,,,,,,,,,,,,,,,,,,,,,,,,,,,
The Hunt - Merk,,,,,,,,,The Hunt Amersfoort,,,the hunt amersfoort,Phrase,Enabled,,,,,,,,,,,,,,,,,,,,,,,,,,,,,,,,,,,,,,
The Hunt - Merk,,,,,,,,,The Hunt Amersfoort,,,escape game the hunt amersfoort,Exact,Enabled,,,,,,,,,,,,,,,,,,,,,,,,,,,,,,,,,,,,,,
The Hunt - Merk,,,,,,,,,The Hunt Amersfoort,,,escape game the hunt amersfoort,Phrase,Enabled,,,,,,,,,,,,,,,,,,,,,,,,,,,,,,,,,,,,,,
The Hunt - Merk,,,,,,,,,The Hunt Amersfoort,,,the hunt escape amersfoort,Exact,Enabled,,,,,,,,,,,,,,,,,,,,,,,,,,,,,,,,,,,,,,
The Hunt - Merk,,,,,,,,,The Hunt Amersfoort,,,the hunt escape amersfoort,Phrase,Enabled,,,,,,,,,,,,,,,,,,,,,,,,,,,,,,,,,,,,,,
The Hunt - Merk,,,,,,,,,The Hunt Amersfoort,,,the hunt escaperoom amersfoort,Exact,Enabled,,,,,,,,,,,,,,,,,,,,,,,,,,,,,,,,,,,,,,
The Hunt - Merk,,,,,,,,,The Hunt Amersfoort,,,the hunt escaperoom amersfoort,Phrase,Enabled,,,,,,,,,,,,,,,,,,,,,,,,,,,,,,,,,,,,,,
The Hunt - Merk,,,,,,,,,The Hunt Amersfoort,,,,,Enabled,Responsive search ad,https://escapegamethehunt.nl/escape-game-the-hunt-locaties/escape-game-the-hunt-amersfoort/,The-Hunt,amersfoort,The Hunt Amersfoort,1,Escape Game The Hunt,,Ontsnap aan Live Hunters,,Echte Hunters Jagen op Jullie,,Outdoor Escape in Amersfoort,,90 Minuten Pure Spanning,,Live Hunters op Jullie Hielen,,Teamuitje met Live Hunters,,Vrijgezellenfeest Amersfoort,,Bedrijfsuitje Amersfoort,,Officiële Site The Hunt,,Vanaf 8 tot 200 Personen,,"Puzzelen, Rennen, Ontsnappen",,Vrijblijvend Aanvragen,,De Stad Is Jullie Speelveld,,"Ontsnap 90 minuten aan echte live Hunters in Amersfoort. Puzzelen, rennen en samenwerken!",Geen kamer maar de hele stad als speelveld. Live Hunters zitten jullie op de hielen.,"Ideaal als teamuitje, bedrijfsuitje of vrijgezellenfeest. Van 8 tot 200 personen.",Dé escape game met live Hunters. Vraag vrijblijvend een datum aan voor jullie groep.
The Hunt - Merk,,,,,,,,,The Hunt Amsterdam,Enabled,0.60,,,,,,,,,,,,,,,,,,,,,,,,,,,,,,,,,,,,,,,,,
The Hunt - Merk,,,,,,,,,The Hunt Amsterdam,,,the hunt amsterdam,Exact,Enabled,,,,,,,,,,,,,,,,,,,,,,,,,,,,,,,,,,,,,,
The Hunt - Merk,,,,,,,,,The Hunt Amsterdam,,,the hunt amsterdam,Phrase,Enabled,,,,,,,,,,,,,,,,,,,,,,,,,,,,,,,,,,,,,,
The Hunt - Merk,,,,,,,,,The Hunt Amsterdam,,,escape game the hunt amsterdam,Exact,Enabled,,,,,,,,,,,,,,,,,,,,,,,,,,,,,,,,,,,,,,
The Hunt - Merk,,,,,,,,,The Hunt Amsterdam,,,escape game the hunt amsterdam,Phrase,Enabled,,,,,,,,,,,,,,,,,,,,,,,,,,,,,,,,,,,,,,
The Hunt - Merk,,,,,,,,,The Hunt Amsterdam,,,the hunt escape amsterdam,Exact,Enabled,,,,,,,,,,,,,,,,,,,,,,,,,,,,,,,,,,,,,,
The Hunt - Merk,,,,,,,,,The Hunt Amsterdam,,,the hunt escape amsterdam,Phrase,Enabled,,,,,,,,,,,,,,,,,,,,,,,,,,,,,,,,,,,,,,
The Hunt - Merk,,,,,,,,,The Hunt Amsterdam,,,the hunt escaperoom amsterdam,Exact,Enabled,,,,,,,,,,,,,,,,,,,,,,,,,,,,,,,,,,,,,,
The Hunt - Merk,,,,,,,,,The Hunt Amsterdam,,,the hunt escaperoom amsterdam,Phrase,Enabled,,,,,,,,,,,,,,,,,,,,,,,,,,,,,,,,,,,,,,
The Hunt - Merk,,,,,,,,,The Hunt Amsterdam,,,,,Enabled,Responsive search ad,https://escapegamethehunt.nl/escape-game-the-hunt-locaties/escape-game-the-hunt-amsterdam/,The-Hunt,amsterdam,The Hunt Amsterdam,1,Escape Game The Hunt,,Ontsnap aan Live Hunters,,Echte Hunters Jagen op Jullie,,Outdoor Escape in Amsterdam,,90 Minuten Pure Spanning,,Live Hunters op Jullie Hielen,,Teamuitje met Live Hunters,,Vrijgezellenfeest Amsterdam,,Bedrijfsuitje Amsterdam,,Officiële Site The Hunt,,Vanaf 8 tot 200 Personen,,"Puzzelen, Rennen, Ontsnappen",,Vrijblijvend Aanvragen,,De Stad Is Jullie Speelveld,,"Ontsnap 90 minuten aan echte live Hunters in Amsterdam. Puzzelen, rennen en samenwerken!",Geen kamer maar de hele stad als speelveld. Live Hunters zitten jullie op de hielen.,"Ideaal als teamuitje, bedrijfsuitje of vrijgezellenfeest. Van 8 tot 200 personen.",Dé escape game met live Hunters. Vraag vrijblijvend een datum aan voor jullie groep.
The Hunt - Merk,,,,,,,,,The Hunt Haarlem,Enabled,0.60,,,,,,,,,,,,,,,,,,,,,,,,,,,,,,,,,,,,,,,,,
The Hunt - Merk,,,,,,,,,The Hunt Haarlem,,,the hunt haarlem,Exact,Enabled,,,,,,,,,,,,,,,,,,,,,,,,,,,,,,,,,,,,,,
The Hunt - Merk,,,,,,,,,The Hunt Haarlem,,,the hunt haarlem,Phrase,Enabled,,,,,,,,,,,,,,,,,,,,,,,,,,,,,,,,,,,,,,
The Hunt - Merk,,,,,,,,,The Hunt Haarlem,,,escape game the hunt haarlem,Exact,Enabled,,,,,,,,,,,,,,,,,,,,,,,,,,,,,,,,,,,,,,
The Hunt - Merk,,,,,,,,,The Hunt Haarlem,,,escape game the hunt haarlem,Phrase,Enabled,,,,,,,,,,,,,,,,,,,,,,,,,,,,,,,,,,,,,,
The Hunt - Merk,,,,,,,,,The Hunt Haarlem,,,the hunt escape haarlem,Exact,Enabled,,,,,,,,,,,,,,,,,,,,,,,,,,,,,,,,,,,,,,
The Hunt - Merk,,,,,,,,,The Hunt Haarlem,,,the hunt escape haarlem,Phrase,Enabled,,,,,,,,,,,,,,,,,,,,,,,,,,,,,,,,,,,,,,
The Hunt - Merk,,,,,,,,,The Hunt Haarlem,,,the hunt escaperoom haarlem,Exact,Enabled,,,,,,,,,,,,,,,,,,,,,,,,,,,,,,,,,,,,,,
The Hunt - Merk,,,,,,,,,The Hunt Haarlem,,,the hunt escaperoom haarlem,Phrase,Enabled,,,,,,,,,,,,,,,,,,,,,,,,,,,,,,,,,,,,,,
The Hunt - Merk,,,,,,,,,The Hunt Haarlem,,,,,Enabled,Responsive search ad,https://escapegamethehunt.nl/escape-game-the-hunt-locaties/escape-game-the-hunt-haarlem/,The-Hunt,haarlem,The Hunt Haarlem,1,Escape Game The Hunt,,Ontsnap aan Live Hunters,,Echte Hunters Jagen op Jullie,,Outdoor Escape in Haarlem,,90 Minuten Pure Spanning,,Live Hunters op Jullie Hielen,,Teamuitje met Live Hunters,,Vrijgezellenfeest Haarlem,,Bedrijfsuitje Haarlem,,Officiële Site The Hunt,,Vanaf 8 tot 200 Personen,,"Puzzelen, Rennen, Ontsnappen",,Vrijblijvend Aanvragen,,De Stad Is Jullie Speelveld,,"Ontsnap 90 minuten aan echte live Hunters in Haarlem. Puzzelen, rennen en samenwerken!",Geen kamer maar de hele stad als speelveld. Live Hunters zitten jullie op de hielen.,"Ideaal als teamuitje, bedrijfsuitje of vrijgezellenfeest. Van 8 tot 200 personen.",Dé escape game met live Hunters. Vraag vrijblijvend een datum aan voor jullie groep.
The Hunt - Merk,,,,,,,,,The Hunt Alkmaar,Enabled,0.60,,,,,,,,,,,,,,,,,,,,,,,,,,,,,,,,,,,,,,,,,
The Hunt - Merk,,,,,,,,,The Hunt Alkmaar,,,the hunt alkmaar,Exact,Enabled,,,,,,,,,,,,,,,,,,,,,,,,,,,,,,,,,,,,,,
The Hunt - Merk,,,,,,,,,The Hunt Alkmaar,,,the hunt alkmaar,Phrase,Enabled,,,,,,,,,,,,,,,,,,,,,,,,,,,,,,,,,,,,,,
The Hunt - Merk,,,,,,,,,The Hunt Alkmaar,,,escape game the hunt alkmaar,Exact,Enabled,,,,,,,,,,,,,,,,,,,,,,,,,,,,,,,,,,,,,,
The Hunt - Merk,,,,,,,,,The Hunt Alkmaar,,,escape game the hunt alkmaar,Phrase,Enabled,,,,,,,,,,,,,,,,,,,,,,,,,,,,,,,,,,,,,,
The Hunt - Merk,,,,,,,,,The Hunt Alkmaar,,,the hunt escape alkmaar,Exact,Enabled,,,,,,,,,,,,,,,,,,,,,,,,,,,,,,,,,,,,,,
The Hunt - Merk,,,,,,,,,The Hunt Alkmaar,,,the hunt escape alkmaar,Phrase,Enabled,,,,,,,,,,,,,,,,,,,,,,,,,,,,,,,,,,,,,,
The Hunt - Merk,,,,,,,,,The Hunt Alkmaar,,,the hunt escaperoom alkmaar,Exact,Enabled,,,,,,,,,,,,,,,,,,,,,,,,,,,,,,,,,,,,,,
The Hunt - Merk,,,,,,,,,The Hunt Alkmaar,,,the hunt escaperoom alkmaar,Phrase,Enabled,,,,,,,,,,,,,,,,,,,,,,,,,,,,,,,,,,,,,,
The Hunt - Merk,,,,,,,,,The Hunt Alkmaar,,,,,Enabled,Responsive search ad,https://escapegamethehunt.nl/escape-game-the-hunt-locaties/escape-game-the-hunt-alkmaar/,The-Hunt,alkmaar,The Hunt Alkmaar,1,Escape Game The Hunt,,Ontsnap aan Live Hunters,,Echte Hunters Jagen op Jullie,,Outdoor Escape in Alkmaar,,90 Minuten Pure Spanning,,Live Hunters op Jullie Hielen,,Teamuitje met Live Hunters,,Vrijgezellenfeest Alkmaar,,Bedrijfsuitje Alkmaar,,Officiële Site The Hunt,,Vanaf 8 tot 200 Personen,,"Puzzelen, Rennen, Ontsnappen",,Vrijblijvend Aanvragen,,De Stad Is Jullie Speelveld,,"Ontsnap 90 minuten aan echte live Hunters in Alkmaar. Puzzelen, rennen en samenwerken!",Geen kamer maar de hele stad als speelveld. Live Hunters zitten jullie op de hielen.,"Ideaal als teamuitje, bedrijfsuitje of vrijgezellenfeest. Van 8 tot 200 personen.",Dé escape game met live Hunters. Vraag vrijblijvend een datum aan voor jullie groep.
The Hunt - Merk,,,,,,,,,The Hunt Rotterdam,Enabled,0.60,,,,,,,,,,,,,,,,,,,,,,,,,,,,,,,,,,,,,,,,,
The Hunt - Merk,,,,,,,,,The Hunt Rotterdam,,,the hunt rotterdam,Exact,Enabled,,,,,,,,,,,,,,,,,,,,,,,,,,,,,,,,,,,,,,
The Hunt - Merk,,,,,,,,,The Hunt Rotterdam,,,the hunt rotterdam,Phrase,Enabled,,,,,,,,,,,,,,,,,,,,,,,,,,,,,,,,,,,,,,
The Hunt - Merk,,,,,,,,,The Hunt Rotterdam,,,escape game the hunt rotterdam,Exact,Enabled,,,,,,,,,,,,,,,,,,,,,,,,,,,,,,,,,,,,,,
The Hunt - Merk,,,,,,,,,The Hunt Rotterdam,,,escape game the hunt rotterdam,Phrase,Enabled,,,,,,,,,,,,,,,,,,,,,,,,,,,,,,,,,,,,,,
The Hunt - Merk,,,,,,,,,The Hunt Rotterdam,,,the hunt escape rotterdam,Exact,Enabled,,,,,,,,,,,,,,,,,,,,,,,,,,,,,,,,,,,,,,
The Hunt - Merk,,,,,,,,,The Hunt Rotterdam,,,the hunt escape rotterdam,Phrase,Enabled,,,,,,,,,,,,,,,,,,,,,,,,,,,,,,,,,,,,,,
The Hunt - Merk,,,,,,,,,The Hunt Rotterdam,,,the hunt escaperoom rotterdam,Exact,Enabled,,,,,,,,,,,,,,,,,,,,,,,,,,,,,,,,,,,,,,
The Hunt - Merk,,,,,,,,,The Hunt Rotterdam,,,the hunt escaperoom rotterdam,Phrase,Enabled,,,,,,,,,,,,,,,,,,,,,,,,,,,,,,,,,,,,,,
The Hunt - Merk,,,,,,,,,The Hunt Rotterdam,,,,,Enabled,Responsive search ad,https://escapegamethehunt.nl/escape-game-the-hunt-locaties/escape-game-the-hunt-rotterdam-2/,The-Hunt,rotterdam,The Hunt Rotterdam,1,Escape Game The Hunt,,Ontsnap aan Live Hunters,,Echte Hunters Jagen op Jullie,,Outdoor Escape in Rotterdam,,90 Minuten Pure Spanning,,Live Hunters op Jullie Hielen,,Teamuitje met Live Hunters,,Vrijgezellenfeest Rotterdam,,Bedrijfsuitje Rotterdam,,Officiële Site The Hunt,,Vanaf 8 tot 200 Personen,,"Puzzelen, Rennen, Ontsnappen",,Vrijblijvend Aanvragen,,De Stad Is Jullie Speelveld,,"Ontsnap 90 minuten aan echte live Hunters in Rotterdam. Puzzelen, rennen en samenwerken!",Geen kamer maar de hele stad als speelveld. Live Hunters zitten jullie op de hielen.,"Ideaal als teamuitje, bedrijfsuitje of vrijgezellenfeest. Van 8 tot 200 personen.",Dé escape game met live Hunters. Vraag vrijblijvend een datum aan voor jullie groep.
The Hunt - Merk,,,,,,,,,The Hunt Den Haag,Enabled,0.60,,,,,,,,,,,,,,,,,,,,,,,,,,,,,,,,,,,,,,,,,
The Hunt - Merk,,,,,,,,,The Hunt Den Haag,,,the hunt den haag,Exact,Enabled,,,,,,,,,,,,,,,,,,,,,,,,,,,,,,,,,,,,,,
The Hunt - Merk,,,,,,,,,The Hunt Den Haag,,,the hunt den haag,Phrase,Enabled,,,,,,,,,,,,,,,,,,,,,,,,,,,,,,,,,,,,,,
The Hunt - Merk,,,,,,,,,The Hunt Den Haag,,,escape game the hunt den haag,Exact,Enabled,,,,,,,,,,,,,,,,,,,,,,,,,,,,,,,,,,,,,,
The Hunt - Merk,,,,,,,,,The Hunt Den Haag,,,escape game the hunt den haag,Phrase,Enabled,,,,,,,,,,,,,,,,,,,,,,,,,,,,,,,,,,,,,,
The Hunt - Merk,,,,,,,,,The Hunt Den Haag,,,the hunt escape den haag,Exact,Enabled,,,,,,,,,,,,,,,,,,,,,,,,,,,,,,,,,,,,,,
The Hunt - Merk,,,,,,,,,The Hunt Den Haag,,,the hunt escape den haag,Phrase,Enabled,,,,,,,,,,,,,,,,,,,,,,,,,,,,,,,,,,,,,,
The Hunt - Merk,,,,,,,,,The Hunt Den Haag,,,the hunt escaperoom den haag,Exact,Enabled,,,,,,,,,,,,,,,,,,,,,,,,,,,,,,,,,,,,,,
The Hunt - Merk,,,,,,,,,The Hunt Den Haag,,,the hunt escaperoom den haag,Phrase,Enabled,,,,,,,,,,,,,,,,,,,,,,,,,,,,,,,,,,,,,,
The Hunt - Merk,,,,,,,,,The Hunt Den Haag,,,,,Enabled,Responsive search ad,https://escapegamethehunt.nl/escape-game-the-hunt-locaties/escape-game-the-hunt-den-haag/,The-Hunt,den-haag,The Hunt Den Haag,1,Escape Game The Hunt,,Ontsnap aan Live Hunters,,Echte Hunters Jagen op Jullie,,Outdoor Escape in Den Haag,,90 Minuten Pure Spanning,,Live Hunters op Jullie Hielen,,Teamuitje met Live Hunters,,Vrijgezellenfeest Den Haag,,Bedrijfsuitje Den Haag,,Officiële Site The Hunt,,Vanaf 8 tot 200 Personen,,"Puzzelen, Rennen, Ontsnappen",,Vrijblijvend Aanvragen,,De Stad Is Jullie Speelveld,,"Ontsnap 90 minuten aan echte live Hunters in Den Haag. Puzzelen, rennen en samenwerken!",Geen kamer maar de hele stad als speelveld. Live Hunters zitten jullie op de hielen.,"Ideaal als teamuitje, bedrijfsuitje of vrijgezellenfeest. Van 8 tot 200 personen.",Dé escape game met live Hunters. Vraag vrijblijvend een datum aan voor jullie groep.
The Hunt - Merk,,,,,,,,,The Hunt Zoetermeer,Enabled,0.60,,,,,,,,,,,,,,,,,,,,,,,,,,,,,,,,,,,,,,,,,
The Hunt - Merk,,,,,,,,,The Hunt Zoetermeer,,,the hunt zoetermeer,Exact,Enabled,,,,,,,,,,,,,,,,,,,,,,,,,,,,,,,,,,,,,,
The Hunt - Merk,,,,,,,,,The Hunt Zoetermeer,,,the hunt zoetermeer,Phrase,Enabled,,,,,,,,,,,,,,,,,,,,,,,,,,,,,,,,,,,,,,
The Hunt - Merk,,,,,,,,,The Hunt Zoetermeer,,,escape game the hunt zoetermeer,Exact,Enabled,,,,,,,,,,,,,,,,,,,,,,,,,,,,,,,,,,,,,,
The Hunt - Merk,,,,,,,,,The Hunt Zoetermeer,,,escape game the hunt zoetermeer,Phrase,Enabled,,,,,,,,,,,,,,,,,,,,,,,,,,,,,,,,,,,,,,
The Hunt - Merk,,,,,,,,,The Hunt Zoetermeer,,,the hunt escape zoetermeer,Exact,Enabled,,,,,,,,,,,,,,,,,,,,,,,,,,,,,,,,,,,,,,
The Hunt - Merk,,,,,,,,,The Hunt Zoetermeer,,,the hunt escape zoetermeer,Phrase,Enabled,,,,,,,,,,,,,,,,,,,,,,,,,,,,,,,,,,,,,,
The Hunt - Merk,,,,,,,,,The Hunt Zoetermeer,,,the hunt escaperoom zoetermeer,Exact,Enabled,,,,,,,,,,,,,,,,,,,,,,,,,,,,,,,,,,,,,,
The Hunt - Merk,,,,,,,,,The Hunt Zoetermeer,,,the hunt escaperoom zoetermeer,Phrase,Enabled,,,,,,,,,,,,,,,,,,,,,,,,,,,,,,,,,,,,,,
The Hunt - Merk,,,,,,,,,The Hunt Zoetermeer,,,,,Enabled,Responsive search ad,https://escapegamethehunt.nl/escape-game-the-hunt-locaties/escape-game-the-hunt-zoetermeer/,The-Hunt,zoetermeer,The Hunt Zoetermeer,1,Escape Game The Hunt,,Ontsnap aan Live Hunters,,Echte Hunters Jagen op Jullie,,Outdoor Escape in Zoetermeer,,90 Minuten Pure Spanning,,Live Hunters op Jullie Hielen,,Teamuitje met Live Hunters,,Vrijgezellenfeest Zoetermeer,,Bedrijfsuitje Zoetermeer,,Officiële Site The Hunt,,Vanaf 8 tot 200 Personen,,"Puzzelen, Rennen, Ontsnappen",,Vrijblijvend Aanvragen,,De Stad Is Jullie Speelveld,,"Ontsnap 90 minuten aan echte live Hunters in Zoetermeer. Puzzelen, rennen en samenwerken!",Geen kamer maar de hele stad als speelveld. Live Hunters zitten jullie op de hielen.,"Ideaal als teamuitje, bedrijfsuitje of vrijgezellenfeest. Van 8 tot 200 personen.",Dé escape game met live Hunters. Vraag vrijblijvend een datum aan voor jullie groep.
The Hunt - Merk,,,,,,,,,The Hunt Dordrecht,Enabled,0.60,,,,,,,,,,,,,,,,,,,,,,,,,,,,,,,,,,,,,,,,,
The Hunt - Merk,,,,,,,,,The Hunt Dordrecht,,,the hunt dordrecht,Exact,Enabled,,,,,,,,,,,,,,,,,,,,,,,,,,,,,,,,,,,,,,
The Hunt - Merk,,,,,,,,,The Hunt Dordrecht,,,the hunt dordrecht,Phrase,Enabled,,,,,,,,,,,,,,,,,,,,,,,,,,,,,,,,,,,,,,
The Hunt - Merk,,,,,,,,,The Hunt Dordrecht,,,escape game the hunt dordrecht,Exact,Enabled,,,,,,,,,,,,,,,,,,,,,,,,,,,,,,,,,,,,,,
The Hunt - Merk,,,,,,,,,The Hunt Dordrecht,,,escape game the hunt dordrecht,Phrase,Enabled,,,,,,,,,,,,,,,,,,,,,,,,,,,,,,,,,,,,,,
The Hunt - Merk,,,,,,,,,The Hunt Dordrecht,,,the hunt escape dordrecht,Exact,Enabled,,,,,,,,,,,,,,,,,,,,,,,,,,,,,,,,,,,,,,
The Hunt - Merk,,,,,,,,,The Hunt Dordrecht,,,the hunt escape dordrecht,Phrase,Enabled,,,,,,,,,,,,,,,,,,,,,,,,,,,,,,,,,,,,,,
The Hunt - Merk,,,,,,,,,The Hunt Dordrecht,,,the hunt escaperoom dordrecht,Exact,Enabled,,,,,,,,,,,,,,,,,,,,,,,,,,,,,,,,,,,,,,
The Hunt - Merk,,,,,,,,,The Hunt Dordrecht,,,the hunt escaperoom dordrecht,Phrase,Enabled,,,,,,,,,,,,,,,,,,,,,,,,,,,,,,,,,,,,,,
The Hunt - Merk,,,,,,,,,The Hunt Dordrecht,,,,,Enabled,Responsive search ad,https://escapegamethehunt.nl/escape-game-the-hunt-locaties/escape-game-the-hunt-dordrecht/,The-Hunt,dordrecht,The Hunt Dordrecht,1,Escape Game The Hunt,,Ontsnap aan Live Hunters,,Echte Hunters Jagen op Jullie,,Outdoor Escape in Dordrecht,,90 Minuten Pure Spanning,,Live Hunters op Jullie Hielen,,Teamuitje met Live Hunters,,Vrijgezellenfeest Dordrecht,,Bedrijfsuitje Dordrecht,,Officiële Site The Hunt,,Vanaf 8 tot 200 Personen,,"Puzzelen, Rennen, Ontsnappen",,Vrijblijvend Aanvragen,,De Stad Is Jullie Speelveld,,"Ontsnap 90 minuten aan echte live Hunters in Dordrecht. Puzzelen, rennen en samenwerken!",Geen kamer maar de hele stad als speelveld. Live Hunters zitten jullie op de hielen.,"Ideaal als teamuitje, bedrijfsuitje of vrijgezellenfeest. Van 8 tot 200 personen.",Dé escape game met live Hunters. Vraag vrijblijvend een datum aan voor jullie groep.
The Hunt - Merk,,,,,,,,,The Hunt Middelburg,Enabled,0.60,,,,,,,,,,,,,,,,,,,,,,,,,,,,,,,,,,,,,,,,,
The Hunt - Merk,,,,,,,,,The Hunt Middelburg,,,the hunt middelburg,Exact,Enabled,,,,,,,,,,,,,,,,,,,,,,,,,,,,,,,,,,,,,,
The Hunt - Merk,,,,,,,,,The Hunt Middelburg,,,the hunt middelburg,Phrase,Enabled,,,,,,,,,,,,,,,,,,,,,,,,,,,,,,,,,,,,,,
The Hunt - Merk,,,,,,,,,The Hunt Middelburg,,,escape game the hunt middelburg,Exact,Enabled,,,,,,,,,,,,,,,,,,,,,,,,,,,,,,,,,,,,,,
The Hunt - Merk,,,,,,,,,The Hunt Middelburg,,,escape game the hunt middelburg,Phrase,Enabled,,,,,,,,,,,,,,,,,,,,,,,,,,,,,,,,,,,,,,
The Hunt - Merk,,,,,,,,,The Hunt Middelburg,,,the hunt escape middelburg,Exact,Enabled,,,,,,,,,,,,,,,,,,,,,,,,,,,,,,,,,,,,,,
The Hunt - Merk,,,,,,,,,The Hunt Middelburg,,,the hunt escape middelburg,Phrase,Enabled,,,,,,,,,,,,,,,,,,,,,,,,,,,,,,,,,,,,,,
The Hunt - Merk,,,,,,,,,The Hunt Middelburg,,,the hunt escaperoom middelburg,Exact,Enabled,,,,,,,,,,,,,,,,,,,,,,,,,,,,,,,,,,,,,,
The Hunt - Merk,,,,,,,,,The Hunt Middelburg,,,the hunt escaperoom middelburg,Phrase,Enabled,,,,,,,,,,,,,,,,,,,,,,,,,,,,,,,,,,,,,,
The Hunt - Merk,,,,,,,,,The Hunt Middelburg,,,,,Enabled,Responsive search ad,https://escapegamethehunt.nl/escape-game-the-hunt-locaties/escape-game-the-hunt-middelburg/,The-Hunt,middelburg,The Hunt Middelburg,1,Escape Game The Hunt,,Ontsnap aan Live Hunters,,Echte Hunters Jagen op Jullie,,Outdoor Escape in Middelburg,,90 Minuten Pure Spanning,,Live Hunters op Jullie Hielen,,Teamuitje met Live Hunters,,Vrijgezellenfeest Middelburg,,Bedrijfsuitje Middelburg,,Officiële Site The Hunt,,Vanaf 8 tot 200 Personen,,"Puzzelen, Rennen, Ontsnappen",,Vrijblijvend Aanvragen,,De Stad Is Jullie Speelveld,,"Ontsnap 90 minuten aan echte live Hunters in Middelburg. Puzzelen, rennen en samenwerken!",Geen kamer maar de hele stad als speelveld. Live Hunters zitten jullie op de hielen.,"Ideaal als teamuitje, bedrijfsuitje of vrijgezellenfeest. Van 8 tot 200 personen.",Dé escape game met live Hunters. Vraag vrijblijvend een datum aan voor jullie groep.
The Hunt - Merk,,,,,,,,,The Hunt Terneuzen,Enabled,0.60,,,,,,,,,,,,,,,,,,,,,,,,,,,,,,,,,,,,,,,,,
The Hunt - Merk,,,,,,,,,The Hunt Terneuzen,,,the hunt terneuzen,Exact,Enabled,,,,,,,,,,,,,,,,,,,,,,,,,,,,,,,,,,,,,,
The Hunt - Merk,,,,,,,,,The Hunt Terneuzen,,,the hunt terneuzen,Phrase,Enabled,,,,,,,,,,,,,,,,,,,,,,,,,,,,,,,,,,,,,,
The Hunt - Merk,,,,,,,,,The Hunt Terneuzen,,,escape game the hunt terneuzen,Exact,Enabled,,,,,,,,,,,,,,,,,,,,,,,,,,,,,,,,,,,,,,
The Hunt - Merk,,,,,,,,,The Hunt Terneuzen,,,escape game the hunt terneuzen,Phrase,Enabled,,,,,,,,,,,,,,,,,,,,,,,,,,,,,,,,,,,,,,
The Hunt - Merk,,,,,,,,,The Hunt Terneuzen,,,the hunt escape terneuzen,Exact,Enabled,,,,,,,,,,,,,,,,,,,,,,,,,,,,,,,,,,,,,,
The Hunt - Merk,,,,,,,,,The Hunt Terneuzen,,,the hunt escape terneuzen,Phrase,Enabled,,,,,,,,,,,,,,,,,,,,,,,,,,,,,,,,,,,,,,
The Hunt - Merk,,,,,,,,,The Hunt Terneuzen,,,the hunt escaperoom terneuzen,Exact,Enabled,,,,,,,,,,,,,,,,,,,,,,,,,,,,,,,,,,,,,,
The Hunt - Merk,,,,,,,,,The Hunt Terneuzen,,,the hunt escaperoom terneuzen,Phrase,Enabled,,,,,,,,,,,,,,,,,,,,,,,,,,,,,,,,,,,,,,
The Hunt - Merk,,,,,,,,,The Hunt Terneuzen,,,,,Enabled,Responsive search ad,https://escapegamethehunt.nl/escape-game-the-hunt-locaties/escape-game-the-hunt-terneuzen/,The-Hunt,terneuzen,The Hunt Terneuzen,1,Escape Game The Hunt,,Ontsnap aan Live Hunters,,Echte Hunters Jagen op Jullie,,Outdoor Escape in Terneuzen,,90 Minuten Pure Spanning,,Live Hunters op Jullie Hielen,,Teamuitje met Live Hunters,,Vrijgezellenfeest Terneuzen,,Bedrijfsuitje Terneuzen,,Officiële Site The Hunt,,Vanaf 8 tot 200 Personen,,"Puzzelen, Rennen, Ontsnappen",,Vrijblijvend Aanvragen,,De Stad Is Jullie Speelveld,,"Ontsnap 90 minuten aan echte live Hunters in Terneuzen. Puzzelen, rennen en samenwerken!",Geen kamer maar de hele stad als speelveld. Live Hunters zitten jullie op de hielen.,"Ideaal als teamuitje, bedrijfsuitje of vrijgezellenfeest. Van 8 tot 200 personen.",Dé escape game met live Hunters. Vraag vrijblijvend een datum aan voor jullie groep.
The Hunt - Merk,,,,,,,,,The Hunt Eindhoven,Enabled,0.60,,,,,,,,,,,,,,,,,,,,,,,,,,,,,,,,,,,,,,,,,
The Hunt - Merk,,,,,,,,,The Hunt Eindhoven,,,the hunt eindhoven,Exact,Enabled,,,,,,,,,,,,,,,,,,,,,,,,,,,,,,,,,,,,,,
The Hunt - Merk,,,,,,,,,The Hunt Eindhoven,,,the hunt eindhoven,Phrase,Enabled,,,,,,,,,,,,,,,,,,,,,,,,,,,,,,,,,,,,,,
The Hunt - Merk,,,,,,,,,The Hunt Eindhoven,,,escape game the hunt eindhoven,Exact,Enabled,,,,,,,,,,,,,,,,,,,,,,,,,,,,,,,,,,,,,,
The Hunt - Merk,,,,,,,,,The Hunt Eindhoven,,,escape game the hunt eindhoven,Phrase,Enabled,,,,,,,,,,,,,,,,,,,,,,,,,,,,,,,,,,,,,,
The Hunt - Merk,,,,,,,,,The Hunt Eindhoven,,,the hunt escape eindhoven,Exact,Enabled,,,,,,,,,,,,,,,,,,,,,,,,,,,,,,,,,,,,,,
The Hunt - Merk,,,,,,,,,The Hunt Eindhoven,,,the hunt escape eindhoven,Phrase,Enabled,,,,,,,,,,,,,,,,,,,,,,,,,,,,,,,,,,,,,,
The Hunt - Merk,,,,,,,,,The Hunt Eindhoven,,,the hunt escaperoom eindhoven,Exact,Enabled,,,,,,,,,,,,,,,,,,,,,,,,,,,,,,,,,,,,,,
The Hunt - Merk,,,,,,,,,The Hunt Eindhoven,,,the hunt escaperoom eindhoven,Phrase,Enabled,,,,,,,,,,,,,,,,,,,,,,,,,,,,,,,,,,,,,,
The Hunt - Merk,,,,,,,,,The Hunt Eindhoven,,,,,Enabled,Responsive search ad,https://escapegamethehunt.nl/escape-game-the-hunt-locaties/escape-game-the-hunt-eindhoven/,The-Hunt,eindhoven,The Hunt Eindhoven,1,Escape Game The Hunt,,Ontsnap aan Live Hunters,,Echte Hunters Jagen op Jullie,,Outdoor Escape in Eindhoven,,90 Minuten Pure Spanning,,Live Hunters op Jullie Hielen,,Teamuitje met Live Hunters,,Vrijgezellenfeest Eindhoven,,Bedrijfsuitje Eindhoven,,Officiële Site The Hunt,,Vanaf 8 tot 200 Personen,,"Puzzelen, Rennen, Ontsnappen",,Vrijblijvend Aanvragen,,De Stad Is Jullie Speelveld,,"Ontsnap 90 minuten aan echte live Hunters in Eindhoven. Puzzelen, rennen en samenwerken!",Geen kamer maar de hele stad als speelveld. Live Hunters zitten jullie op de hielen.,"Ideaal als teamuitje, bedrijfsuitje of vrijgezellenfeest. Van 8 tot 200 personen.",Dé escape game met live Hunters. Vraag vrijblijvend een datum aan voor jullie groep.
The Hunt - Merk,,,,,,,,,The Hunt Tilburg,Enabled,0.60,,,,,,,,,,,,,,,,,,,,,,,,,,,,,,,,,,,,,,,,,
The Hunt - Merk,,,,,,,,,The Hunt Tilburg,,,the hunt tilburg,Exact,Enabled,,,,,,,,,,,,,,,,,,,,,,,,,,,,,,,,,,,,,,
The Hunt - Merk,,,,,,,,,The Hunt Tilburg,,,the hunt tilburg,Phrase,Enabled,,,,,,,,,,,,,,,,,,,,,,,,,,,,,,,,,,,,,,
The Hunt - Merk,,,,,,,,,The Hunt Tilburg,,,escape game the hunt tilburg,Exact,Enabled,,,,,,,,,,,,,,,,,,,,,,,,,,,,,,,,,,,,,,
The Hunt - Merk,,,,,,,,,The Hunt Tilburg,,,escape game the hunt tilburg,Phrase,Enabled,,,,,,,,,,,,,,,,,,,,,,,,,,,,,,,,,,,,,,
The Hunt - Merk,,,,,,,,,The Hunt Tilburg,,,the hunt escape tilburg,Exact,Enabled,,,,,,,,,,,,,,,,,,,,,,,,,,,,,,,,,,,,,,
The Hunt - Merk,,,,,,,,,The Hunt Tilburg,,,the hunt escape tilburg,Phrase,Enabled,,,,,,,,,,,,,,,,,,,,,,,,,,,,,,,,,,,,,,
The Hunt - Merk,,,,,,,,,The Hunt Tilburg,,,the hunt escaperoom tilburg,Exact,Enabled,,,,,,,,,,,,,,,,,,,,,,,,,,,,,,,,,,,,,,
The Hunt - Merk,,,,,,,,,The Hunt Tilburg,,,the hunt escaperoom tilburg,Phrase,Enabled,,,,,,,,,,,,,,,,,,,,,,,,,,,,,,,,,,,,,,
The Hunt - Merk,,,,,,,,,The Hunt Tilburg,,,,,Enabled,Responsive search ad,https://escapegamethehunt.nl/escape-game-the-hunt-locaties/escape-game-the-hunt-tilburg/,The-Hunt,tilburg,The Hunt Tilburg,1,Escape Game The Hunt,,Ontsnap aan Live Hunters,,Echte Hunters Jagen op Jullie,,Outdoor Escape in Tilburg,,90 Minuten Pure Spanning,,Live Hunters op Jullie Hielen,,Teamuitje met Live Hunters,,Vrijgezellenfeest Tilburg,,Bedrijfsuitje Tilburg,,Officiële Site The Hunt,,Vanaf 8 tot 200 Personen,,"Puzzelen, Rennen, Ontsnappen",,Vrijblijvend Aanvragen,,De Stad Is Jullie Speelveld,,"Ontsnap 90 minuten aan echte live Hunters in Tilburg. Puzzelen, rennen en samenwerken!",Geen kamer maar de hele stad als speelveld. Live Hunters zitten jullie op de hielen.,"Ideaal als teamuitje, bedrijfsuitje of vrijgezellenfeest. Van 8 tot 200 personen.",Dé escape game met live Hunters. Vraag vrijblijvend een datum aan voor jullie groep.
The Hunt - Merk,,,,,,,,,The Hunt Maastricht,Enabled,0.60,,,,,,,,,,,,,,,,,,,,,,,,,,,,,,,,,,,,,,,,,
The Hunt - Merk,,,,,,,,,The Hunt Maastricht,,,the hunt maastricht,Exact,Enabled,,,,,,,,,,,,,,,,,,,,,,,,,,,,,,,,,,,,,,
The Hunt - Merk,,,,,,,,,The Hunt Maastricht,,,the hunt maastricht,Phrase,Enabled,,,,,,,,,,,,,,,,,,,,,,,,,,,,,,,,,,,,,,
The Hunt - Merk,,,,,,,,,The Hunt Maastricht,,,escape game the hunt maastricht,Exact,Enabled,,,,,,,,,,,,,,,,,,,,,,,,,,,,,,,,,,,,,,
The Hunt - Merk,,,,,,,,,The Hunt Maastricht,,,escape game the hunt maastricht,Phrase,Enabled,,,,,,,,,,,,,,,,,,,,,,,,,,,,,,,,,,,,,,
The Hunt - Merk,,,,,,,,,The Hunt Maastricht,,,the hunt escape maastricht,Exact,Enabled,,,,,,,,,,,,,,,,,,,,,,,,,,,,,,,,,,,,,,
The Hunt - Merk,,,,,,,,,The Hunt Maastricht,,,the hunt escape maastricht,Phrase,Enabled,,,,,,,,,,,,,,,,,,,,,,,,,,,,,,,,,,,,,,
The Hunt - Merk,,,,,,,,,The Hunt Maastricht,,,the hunt escaperoom maastricht,Exact,Enabled,,,,,,,,,,,,,,,,,,,,,,,,,,,,,,,,,,,,,,
The Hunt - Merk,,,,,,,,,The Hunt Maastricht,,,the hunt escaperoom maastricht,Phrase,Enabled,,,,,,,,,,,,,,,,,,,,,,,,,,,,,,,,,,,,,,
The Hunt - Merk,,,,,,,,,The Hunt Maastricht,,,,,Enabled,Responsive search ad,https://escapegamethehunt.nl/escape-game-the-hunt-locaties/escape-game-the-hunt-maastricht/,The-Hunt,maastricht,The Hunt Maastricht,1,Escape Game The Hunt,,Ontsnap aan Live Hunters,,Echte Hunters Jagen op Jullie,,Outdoor Escape in Maastricht,,90 Minuten Pure Spanning,,Live Hunters op Jullie Hielen,,Teamuitje met Live Hunters,,Vrijgezellenfeest Maastricht,,Bedrijfsuitje Maastricht,,Officiële Site The Hunt,,Vanaf 8 tot 200 Personen,,"Puzzelen, Rennen, Ontsnappen",,Vrijblijvend Aanvragen,,De Stad Is Jullie Speelveld,,"Ontsnap 90 minuten aan echte live Hunters in Maastricht. Puzzelen, rennen en samenwerken!",Geen kamer maar de hele stad als speelveld. Live Hunters zitten jullie op de hielen.,"Ideaal als teamuitje, bedrijfsuitje of vrijgezellenfeest. Van 8 tot 200 personen.",Dé escape game met live Hunters. Vraag vrijblijvend een datum aan voor jullie groep.
The Hunt - Merk,,,,,,,,,The Hunt Venlo,Enabled,0.60,,,,,,,,,,,,,,,,,,,,,,,,,,,,,,,,,,,,,,,,,
The Hunt - Merk,,,,,,,,,The Hunt Venlo,,,the hunt venlo,Exact,Enabled,,,,,,,,,,,,,,,,,,,,,,,,,,,,,,,,,,,,,,
The Hunt - Merk,,,,,,,,,The Hunt Venlo,,,the hunt venlo,Phrase,Enabled,,,,,,,,,,,,,,,,,,,,,,,,,,,,,,,,,,,,,,
The Hunt - Merk,,,,,,,,,The Hunt Venlo,,,escape game the hunt venlo,Exact,Enabled,,,,,,,,,,,,,,,,,,,,,,,,,,,,,,,,,,,,,,
The Hunt - Merk,,,,,,,,,The Hunt Venlo,,,escape game the hunt venlo,Phrase,Enabled,,,,,,,,,,,,,,,,,,,,,,,,,,,,,,,,,,,,,,
The Hunt - Merk,,,,,,,,,The Hunt Venlo,,,the hunt escape venlo,Exact,Enabled,,,,,,,,,,,,,,,,,,,,,,,,,,,,,,,,,,,,,,
The Hunt - Merk,,,,,,,,,The Hunt Venlo,,,the hunt escape venlo,Phrase,Enabled,,,,,,,,,,,,,,,,,,,,,,,,,,,,,,,,,,,,,,
The Hunt - Merk,,,,,,,,,The Hunt Venlo,,,the hunt escaperoom venlo,Exact,Enabled,,,,,,,,,,,,,,,,,,,,,,,,,,,,,,,,,,,,,,
The Hunt - Merk,,,,,,,,,The Hunt Venlo,,,the hunt escaperoom venlo,Phrase,Enabled,,,,,,,,,,,,,,,,,,,,,,,,,,,,,,,,,,,,,,
The Hunt - Merk,,,,,,,,,The Hunt Venlo,,,,,Enabled,Responsive search ad,https://escapegamethehunt.nl/escape-game-the-hunt-locaties/escape-game-the-hunt-venlo/,The-Hunt,venlo,The Hunt Venlo,1,Escape Game The Hunt,,Ontsnap aan Live Hunters,,Echte Hunters Jagen op Jullie,,Outdoor Escape in Venlo,,90 Minuten Pure Spanning,,Live Hunters op Jullie Hielen,,Teamuitje met Live Hunters,,Vrijgezellenfeest Venlo,,Bedrijfsuitje Venlo,,Officiële Site The Hunt,,Vanaf 8 tot 200 Personen,,"Puzzelen, Rennen, Ontsnappen",,Vrijblijvend Aanvragen,,De Stad Is Jullie Speelveld,,"Ontsnap 90 minuten aan echte live Hunters in Venlo. Puzzelen, rennen en samenwerken!",Geen kamer maar de hele stad als speelveld. Live Hunters zitten jullie op de hielen.,"Ideaal als teamuitje, bedrijfsuitje of vrijgezellenfeest. Van 8 tot 200 personen.",Dé escape game met live Hunters. Vraag vrijblijvend een datum aan voor jullie groep.
The Hunt - Hunted,Search,Paused,3.00,Daily,Manual CPC,Google search,nl,Netherlands,,,,,,,,,,,,,,,,,,,,,,,,,,,,,,,,,,,,,,,,,,,,
The Hunt - Hunted,,,,,,,,,,,,film,Campaign negative phrase,,,,,,,,,,,,,,,,,,,,,,,,,,,,,,,,,,,,,,,
The Hunt - Hunted,,,,,,,,,,,,movie,Campaign negative phrase,,,,,,,,,,,,,,,,,,,,,,,,,,,,,,,,,,,,,,,
The Hunt - Hunted,,,,,,,,,,,,netflix,Campaign negative phrase,,,,,,,,,,,,,,,,,,,,,,,,,,,,,,,,,,,,,,,
The Hunt - Hunted,,,,,,,,,,,,trailer,Campaign negative phrase,,,,,,,,,,,,,,,,,,,,,,,,,,,,,,,,,,,,,,,
The Hunt - Hunted,,,,,,,,,,,,imdb,Campaign negative phrase,,,,,,,,,,,,,,,,,,,,,,,,,,,,,,,,,,,,,,,
The Hunt - Hunted,,,,,,,,,,,,cast,Campaign negative phrase,,,,,,,,,,,,,,,,,,,,,,,,,,,,,,,,,,,,,,,
The Hunt - Hunted,,,,,,,,,,,,showdown,Campaign negative phrase,,,,,,,,,,,,,,,,,,,,,,,,,,,,,,,,,,,,,,,
The Hunt - Hunted,,,,,,,,,,,,ps4,Campaign negative phrase,,,,,,,,,,,,,,,,,,,,,,,,,,,,,,,,,,,,,,,
The Hunt - Hunted,,,,,,,,,,,,ps5,Campaign negative phrase,,,,,,,,,,,,,,,,,,,,,,,,,,,,,,,,,,,,,,,
The Hunt - Hunted,,,,,,,,,,,,xbox,Campaign negative phrase,,,,,,,,,,,,,,,,,,,,,,,,,,,,,,,,,,,,,,,
The Hunt - Hunted,,,,,,,,,,,,steam,Campaign negative phrase,,,,,,,,,,,,,,,,,,,,,,,,,,,,,,,,,,,,,,,
The Hunt - Hunted,,,,,,,,,,,,download,Campaign negative phrase,,,,,,,,,,,,,,,,,,,,,,,,,,,,,,,,,,,,,,,
The Hunt - Hunted,,,,,,,,,,,,torrent,Campaign negative phrase,,,,,,,,,,,,,,,,,,,,,,,,,,,,,,,,,,,,,,,
The Hunt - Hunted,,,,,,,,,,,,escape hunt,Campaign negative phrase,,,,,,,,,,,,,,,,,,,,,,,,,,,,,,,,,,,,,,,
The Hunt - Hunted,,,,,,,,,,,,vacature,Campaign negative phrase,,,,,,,,,,,,,,,,,,,,,,,,,,,,,,,,,,,,,,,
The Hunt - Hunted,,,,,,,,,,,,werken bij,Campaign negative phrase,,,,,,,,,,,,,,,,,,,,,,,,,,,,,,,,,,,,,,,
The Hunt - Hunted,,,,,,,,,,,,serie,Campaign negative phrase,,,,,,,,,,,,,,,,,,,,,,,,,,,,,,,,,,,,,,,
The Hunt - Hunted,,,,,,,,,,,,boek,Campaign negative phrase,,,,,,,,,,,,,,,,,,,,,,,,,,,,,,,,,,,,,,,
The Hunt - Hunted,,,,,,,,,,,,kijken,Campaign negative phrase,,,,,,,,,,,,,,,,,,,,,,,,,,,,,,,,,,,,,,,
The Hunt - Hunted,,,,,,,,,,,,npo,Campaign negative phrase,,,,,,,,,,,,,,,,,,,,,,,,,,,,,,,,,,,,,,,
The Hunt - Hunted,,,,,,,,,,,,videoland,Campaign negative phrase,,,,,,,,,,,,,,,,,,,,,,,,,,,,,,,,,,,,,,,
The Hunt - Hunted,,,,,,,,,,,,seizoen,Campaign negative phrase,,,,,,,,,,,,,,,,,,,,,,,,,,,,,,,,,,,,,,,
The Hunt - Hunted,,,,,,,,,,,,aflevering,Campaign negative phrase,,,,,,,,,,,,,,,,,,,,,,,,,,,,,,,,,,,,,,,
The Hunt - Hunted,,,,,,,,,,,,deelnemers,Campaign negative phrase,,,,,,,,,,,,,,,,,,,,,,,,,,,,,,,,,,,,,,,
The Hunt - Hunted,,,,,,,,,,,,aanmelden,Campaign negative phrase,,,,,,,,,,,,,,,,,,,,,,,,,,,,,,,,,,,,,,,
The Hunt - Hunted,,,,,,,,,,,,meedoen,Campaign negative phrase,,,,,,,,,,,,,,,,,,,,,,,,,,,,,,,,,,,,,,,
The Hunt - Hunted,,,,,,,,,,,,uitzending,Campaign negative phrase,,,,,,,,,,,,,,,,,,,,,,,,,,,,,,,,,,,,,,,
The Hunt - Hunted,,,,,,,,,,,,avrotros,Campaign negative phrase,,,,,,,,,,,,,,,,,,,,,,,,,,,,,,,,,,,,,,,
The Hunt - Hunted,,,,,,,,,,,,kijkcijfers,Campaign negative phrase,,,,,,,,,,,,,,,,,,,,,,,,,,,,,,,,,,,,,,,
The Hunt - Hunted,,,,,,,,,,,,vip,Campaign negative phrase,,,,,,,,,,,,,,,,,,,,,,,,,,,,,,,,,,,,,,,
The Hunt - Hunted,,,,,,,,,Hunted spelen - Algemeen,Enabled,0.80,,,,,,,,,,,,,,,,,,,,,,,,,,,,,,,,,,,,,,,,,
The Hunt - Hunted,,,,,,,,,Hunted spelen - Algemeen,,,hunted spel,Exact,Enabled,,,,,,,,,,,,,,,,,,,,,,,,,,,,,,,,,,,,,,
The Hunt - Hunted,,,,,,,,,Hunted spelen - Algemeen,,,hunted spel,Phrase,Enabled,,,,,,,,,,,,,,,,,,,,,,,,,,,,,,,,,,,,,,
The Hunt - Hunted,,,,,,,,,Hunted spelen - Algemeen,,,hunted spelen,Exact,Enabled,,,,,,,,,,,,,,,,,,,,,,,,,,,,,,,,,,,,,,
The Hunt - Hunted,,,,,,,,,Hunted spelen - Algemeen,,,hunted spelen,Phrase,Enabled,,,,,,,,,,,,,,,,,,,,,,,,,,,,,,,,,,,,,,
The Hunt - Hunted,,,,,,,,,Hunted spelen - Algemeen,,,zelf hunted spelen,Exact,Enabled,,,,,,,,,,,,,,,,,,,,,,,,,,,,,,,,,,,,,,
The Hunt - Hunted,,,,,,,,,Hunted spelen - Algemeen,,,zelf hunted spelen,Phrase,Enabled,,,,,,,,,,,,,,,,,,,,,,,,,,,,,,,,,,,,,,
The Hunt - Hunted,,,,,,,,,Hunted spelen - Algemeen,,,hunted spel spelen,Exact,Enabled,,,,,,,,,,,,,,,,,,,,,,,,,,,,,,,,,,,,,,
The Hunt - Hunted,,,,,,,,,Hunted spelen - Algemeen,,,hunted spel spelen,Phrase,Enabled,,,,,,,,,,,,,,,,,,,,,,,,,,,,,,,,,,,,,,
The Hunt - Hunted,,,,,,,,,Hunted spelen - Algemeen,,,hunted uitje,Exact,Enabled,,,,,,,,,,,,,,,,,,,,,,,,,,,,,,,,,,,,,,
The Hunt - Hunted,,,,,,,,,Hunted spelen - Algemeen,,,hunted uitje,Phrase,Enabled,,,,,,,,,,,,,,,,,,,,,,,,,,,,,,,,,,,,,,
The Hunt - Hunted,,,,,,,,,Hunted spelen - Algemeen,,,hunted teamuitje,Exact,Enabled,,,,,,,,,,,,,,,,,,,,,,,,,,,,,,,,,,,,,,
The Hunt - Hunted,,,,,,,,,Hunted spelen - Algemeen,,,hunted teamuitje,Phrase,Enabled,,,,,,,,,,,,,,,,,,,,,,,,,,,,,,,,,,,,,,
The Hunt - Hunted,,,,,,,,,Hunted spelen - Algemeen,,,hunted bedrijfsuitje,Exact,Enabled,,,,,,,,,,,,,,,,,,,,,,,,,,,,,,,,,,,,,,
The Hunt - Hunted,,,,,,,,,Hunted spelen - Algemeen,,,hunted bedrijfsuitje,Phrase,Enabled,,,,,,,,,,,,,,,,,,,,,,,,,,,,,,,,,,,,,,
The Hunt - Hunted,,,,,,,,,Hunted spelen - Algemeen,,,hunted vrijgezellenfeest,Exact,Enabled,,,,,,,,,,,,,,,,,,,,,,,,,,,,,,,,,,,,,,
The Hunt - Hunted,,,,,,,,,Hunted spelen - Algemeen,,,hunted vrijgezellenfeest,Phrase,Enabled,,,,,,,,,,,,,,,,,,,,,,,,,,,,,,,,,,,,,,
The Hunt - Hunted,,,,,,,,,Hunted spelen - Algemeen,,,,,Enabled,Responsive search ad,https://escapegamethehunt.nl/,The-Hunt,,Speel Het Zelf: The Hunt,1,Ontsnap aan Live Hunters,,Echte Hunters Jagen op Jullie,,Speel Het Zelf: The Hunt,,Escape Game The Hunt,,90 Minuten Opgejaagd Worden,,Live Hunters op Jullie Hielen,,Outdoor Escape Game,,Teamuitje met Live Hunters,,Vrijgezellenfeest The Hunt,,Vanaf 8 tot 200 Personen,,"Puzzelen, Rennen, Ontsnappen",,Blijf Uit Handen van Hunters,,Vrijblijvend Aanvragen,,De Stad Is Jullie Speelveld,,"Ontsnap 90 minuten aan echte live Hunters in jouw stad. Puzzelen, rennen en samenwerken!",Geen kamer maar de hele stad als speelveld. Live Hunters zitten jullie op de hielen.,"Ideaal als teamuitje, bedrijfsuitje of vrijgezellenfeest. Van 8 tot 200 personen.",Dé escape game met live Hunters. Vraag vrijblijvend een datum aan voor jullie groep.
The Hunt - Hunted,,,,,,,,,Hunted Groningen,Enabled,0.80,,,,,,,,,,,,,,,,,,,,,,,,,,,,,,,,,,,,,,,,,
The Hunt - Hunted,,,,,,,,,Hunted Groningen,,,hunted groningen,Exact,Enabled,,,,,,,,,,,,,,,,,,,,,,,,,,,,,,,,,,,,,,
The Hunt - Hunted,,,,,,,,,Hunted Groningen,,,hunted groningen,Phrase,Enabled,,,,,,,,,,,,,,,,,,,,,,,,,,,,,,,,,,,,,,
The Hunt - Hunted,,,,,,,,,Hunted Groningen,,,hunted spel groningen,Exact,Enabled,,,,,,,,,,,,,,,,,,,,,,,,,,,,,,,,,,,,,,
The Hunt - Hunted,,,,,,,,,Hunted Groningen,,,hunted spel groningen,Phrase,Enabled,,,,,,,,,,,,,,,,,,,,,,,,,,,,,,,,,,,,,,
The Hunt - Hunted,,,,,,,,,Hunted Groningen,,,hunted spelen groningen,Exact,Enabled,,,,,,,,,,,,,,,,,,,,,,,,,,,,,,,,,,,,,,
The Hunt - Hunted,,,,,,,,,Hunted Groningen,,,hunted spelen groningen,Phrase,Enabled,,,,,,,,,,,,,,,,,,,,,,,,,,,,,,,,,,,,,,
The Hunt - Hunted,,,,,,,,,Hunted Groningen,,,,,Enabled,Responsive search ad,https://escapegamethehunt.nl/escape-game-the-hunt-locaties/escape-game-the-hunt-groningen/,The-Hunt,groningen,Zelf Opgejaagd in Groningen,1,Ontsnap aan Live Hunters,,Echte Hunters Jagen op Jullie,,Speel Het Zelf: The Hunt,,Escape Game The Hunt,,90 Minuten Opgejaagd Worden,,Live Hunters op Jullie Hielen,,Outdoor Escape in Groningen,,Teamuitje met Live Hunters,,Vrijgezellenfeest Groningen,,Vanaf 8 tot 200 Personen,,"Puzzelen, Rennen, Ontsnappen",,Blijf Uit Handen van Hunters,,Vrijblijvend Aanvragen,,De Stad Is Jullie Speelveld,,"Ontsnap 90 minuten aan echte live Hunters in Groningen. Puzzelen, rennen en samenwerken!",Geen kamer maar de hele stad als speelveld. Live Hunters zitten jullie op de hielen.,"Ideaal als teamuitje, bedrijfsuitje of vrijgezellenfeest. Van 8 tot 200 personen.",Dé escape game met live Hunters. Vraag vrijblijvend een datum aan voor jullie groep.
The Hunt - Hunted,,,,,,,,,Hunted Winschoten,Enabled,0.80,,,,,,,,,,,,,,,,,,,,,,,,,,,,,,,,,,,,,,,,,
The Hunt - Hunted,,,,,,,,,Hunted Winschoten,,,hunted winschoten,Exact,Enabled,,,,,,,,,,,,,,,,,,,,,,,,,,,,,,,,,,,,,,
The Hunt - Hunted,,,,,,,,,Hunted Winschoten,,,hunted winschoten,Phrase,Enabled,,,,,,,,,,,,,,,,,,,,,,,,,,,,,,,,,,,,,,
The Hunt - Hunted,,,,,,,,,Hunted Winschoten,,,hunted spel winschoten,Exact,Enabled,,,,,,,,,,,,,,,,,,,,,,,,,,,,,,,,,,,,,,
The Hunt - Hunted,,,,,,,,,Hunted Winschoten,,,hunted spel winschoten,Phrase,Enabled,,,,,,,,,,,,,,,,,,,,,,,,,,,,,,,,,,,,,,
The Hunt - Hunted,,,,,,,,,Hunted Winschoten,,,hunted spelen winschoten,Exact,Enabled,,,,,,,,,,,,,,,,,,,,,,,,,,,,,,,,,,,,,,
The Hunt - Hunted,,,,,,,,,Hunted Winschoten,,,hunted spelen winschoten,Phrase,Enabled,,,,,,,,,,,,,,,,,,,,,,,,,,,,,,,,,,,,,,
The Hunt - Hunted,,,,,,,,,Hunted Winschoten,,,,,Enabled,Responsive search ad,https://escapegamethehunt.nl/escape-game-the-hunt-locaties/escape-game-the-hunt-winschoten/,The-Hunt,winschoten,Zelf Opgejaagd in Winschoten,1,Ontsnap aan Live Hunters,,Echte Hunters Jagen op Jullie,,Speel Het Zelf: The Hunt,,Escape Game The Hunt,,90 Minuten Opgejaagd Worden,,Live Hunters op Jullie Hielen,,Outdoor Escape in Winschoten,,Teamuitje met Live Hunters,,Vrijgezellenfeest Winschoten,,Vanaf 8 tot 200 Personen,,"Puzzelen, Rennen, Ontsnappen",,Blijf Uit Handen van Hunters,,Vrijblijvend Aanvragen,,De Stad Is Jullie Speelveld,,"Ontsnap 90 minuten aan echte live Hunters in Winschoten. Puzzelen, rennen en samenwerken!",Geen kamer maar de hele stad als speelveld. Live Hunters zitten jullie op de hielen.,"Ideaal als teamuitje, bedrijfsuitje of vrijgezellenfeest. Van 8 tot 200 personen.",Dé escape game met live Hunters. Vraag vrijblijvend een datum aan voor jullie groep.
The Hunt - Hunted,,,,,,,,,Hunted Leeuwarden,Enabled,0.80,,,,,,,,,,,,,,,,,,,,,,,,,,,,,,,,,,,,,,,,,
The Hunt - Hunted,,,,,,,,,Hunted Leeuwarden,,,hunted leeuwarden,Exact,Enabled,,,,,,,,,,,,,,,,,,,,,,,,,,,,,,,,,,,,,,
The Hunt - Hunted,,,,,,,,,Hunted Leeuwarden,,,hunted leeuwarden,Phrase,Enabled,,,,,,,,,,,,,,,,,,,,,,,,,,,,,,,,,,,,,,
The Hunt - Hunted,,,,,,,,,Hunted Leeuwarden,,,hunted spel leeuwarden,Exact,Enabled,,,,,,,,,,,,,,,,,,,,,,,,,,,,,,,,,,,,,,
The Hunt - Hunted,,,,,,,,,Hunted Leeuwarden,,,hunted spel leeuwarden,Phrase,Enabled,,,,,,,,,,,,,,,,,,,,,,,,,,,,,,,,,,,,,,
The Hunt - Hunted,,,,,,,,,Hunted Leeuwarden,,,hunted spelen leeuwarden,Exact,Enabled,,,,,,,,,,,,,,,,,,,,,,,,,,,,,,,,,,,,,,
The Hunt - Hunted,,,,,,,,,Hunted Leeuwarden,,,hunted spelen leeuwarden,Phrase,Enabled,,,,,,,,,,,,,,,,,,,,,,,,,,,,,,,,,,,,,,
The Hunt - Hunted,,,,,,,,,Hunted Leeuwarden,,,,,Enabled,Responsive search ad,https://escapegamethehunt.nl/escape-game-the-hunt-locaties/escape-game-the-hunt-leeuwarden/,The-Hunt,leeuwarden,Zelf Opgejaagd in Leeuwarden,1,Ontsnap aan Live Hunters,,Echte Hunters Jagen op Jullie,,Speel Het Zelf: The Hunt,,Escape Game The Hunt,,90 Minuten Opgejaagd Worden,,Live Hunters op Jullie Hielen,,Outdoor Escape in Leeuwarden,,Teamuitje met Live Hunters,,Vrijgezellenfeest Leeuwarden,,Vanaf 8 tot 200 Personen,,"Puzzelen, Rennen, Ontsnappen",,Blijf Uit Handen van Hunters,,Vrijblijvend Aanvragen,,De Stad Is Jullie Speelveld,,"Ontsnap 90 minuten aan echte live Hunters in Leeuwarden. Puzzelen, rennen en samenwerken!",Geen kamer maar de hele stad als speelveld. Live Hunters zitten jullie op de hielen.,"Ideaal als teamuitje, bedrijfsuitje of vrijgezellenfeest. Van 8 tot 200 personen.",Dé escape game met live Hunters. Vraag vrijblijvend een datum aan voor jullie groep.
The Hunt - Hunted,,,,,,,,,Hunted Drachten,Enabled,0.80,,,,,,,,,,,,,,,,,,,,,,,,,,,,,,,,,,,,,,,,,
The Hunt - Hunted,,,,,,,,,Hunted Drachten,,,hunted drachten,Exact,Enabled,,,,,,,,,,,,,,,,,,,,,,,,,,,,,,,,,,,,,,
The Hunt - Hunted,,,,,,,,,Hunted Drachten,,,hunted drachten,Phrase,Enabled,,,,,,,,,,,,,,,,,,,,,,,,,,,,,,,,,,,,,,
The Hunt - Hunted,,,,,,,,,Hunted Drachten,,,hunted spel drachten,Exact,Enabled,,,,,,,,,,,,,,,,,,,,,,,,,,,,,,,,,,,,,,
The Hunt - Hunted,,,,,,,,,Hunted Drachten,,,hunted spel drachten,Phrase,Enabled,,,,,,,,,,,,,,,,,,,,,,,,,,,,,,,,,,,,,,
The Hunt - Hunted,,,,,,,,,Hunted Drachten,,,hunted spelen drachten,Exact,Enabled,,,,,,,,,,,,,,,,,,,,,,,,,,,,,,,,,,,,,,
The Hunt - Hunted,,,,,,,,,Hunted Drachten,,,hunted spelen drachten,Phrase,Enabled,,,,,,,,,,,,,,,,,,,,,,,,,,,,,,,,,,,,,,
The Hunt - Hunted,,,,,,,,,Hunted Drachten,,,,,Enabled,Responsive search ad,https://escapegamethehunt.nl/escape-game-the-hunt-locaties/escape-game-the-hunt-drachten/,The-Hunt,drachten,Zelf Opgejaagd in Drachten,1,Ontsnap aan Live Hunters,,Echte Hunters Jagen op Jullie,,Speel Het Zelf: The Hunt,,Escape Game The Hunt,,90 Minuten Opgejaagd Worden,,Live Hunters op Jullie Hielen,,Outdoor Escape in Drachten,,Teamuitje met Live Hunters,,Vrijgezellenfeest Drachten,,Vanaf 8 tot 200 Personen,,"Puzzelen, Rennen, Ontsnappen",,Blijf Uit Handen van Hunters,,Vrijblijvend Aanvragen,,De Stad Is Jullie Speelveld,,"Ontsnap 90 minuten aan echte live Hunters in Drachten. Puzzelen, rennen en samenwerken!",Geen kamer maar de hele stad als speelveld. Live Hunters zitten jullie op de hielen.,"Ideaal als teamuitje, bedrijfsuitje of vrijgezellenfeest. Van 8 tot 200 personen.",Dé escape game met live Hunters. Vraag vrijblijvend een datum aan voor jullie groep.
The Hunt - Hunted,,,,,,,,,Hunted Heerenveen,Enabled,0.80,,,,,,,,,,,,,,,,,,,,,,,,,,,,,,,,,,,,,,,,,
The Hunt - Hunted,,,,,,,,,Hunted Heerenveen,,,hunted heerenveen,Exact,Enabled,,,,,,,,,,,,,,,,,,,,,,,,,,,,,,,,,,,,,,
The Hunt - Hunted,,,,,,,,,Hunted Heerenveen,,,hunted heerenveen,Phrase,Enabled,,,,,,,,,,,,,,,,,,,,,,,,,,,,,,,,,,,,,,
The Hunt - Hunted,,,,,,,,,Hunted Heerenveen,,,hunted spel heerenveen,Exact,Enabled,,,,,,,,,,,,,,,,,,,,,,,,,,,,,,,,,,,,,,
The Hunt - Hunted,,,,,,,,,Hunted Heerenveen,,,hunted spel heerenveen,Phrase,Enabled,,,,,,,,,,,,,,,,,,,,,,,,,,,,,,,,,,,,,,
The Hunt - Hunted,,,,,,,,,Hunted Heerenveen,,,hunted spelen heerenveen,Exact,Enabled,,,,,,,,,,,,,,,,,,,,,,,,,,,,,,,,,,,,,,
The Hunt - Hunted,,,,,,,,,Hunted Heerenveen,,,hunted spelen heerenveen,Phrase,Enabled,,,,,,,,,,,,,,,,,,,,,,,,,,,,,,,,,,,,,,
The Hunt - Hunted,,,,,,,,,Hunted Heerenveen,,,,,Enabled,Responsive search ad,https://escapegamethehunt.nl/escape-game-the-hunt-locaties/escape-game-the-hunt-heerenveen/,The-Hunt,heerenveen,Zelf Opgejaagd in Heerenveen,1,Ontsnap aan Live Hunters,,Echte Hunters Jagen op Jullie,,Speel Het Zelf: The Hunt,,Escape Game The Hunt,,90 Minuten Opgejaagd Worden,,Live Hunters op Jullie Hielen,,Outdoor Escape in Heerenveen,,Teamuitje met Live Hunters,,Vrijgezellenfeest Heerenveen,,Vanaf 8 tot 200 Personen,,"Puzzelen, Rennen, Ontsnappen",,Blijf Uit Handen van Hunters,,Vrijblijvend Aanvragen,,De Stad Is Jullie Speelveld,,"Ontsnap 90 minuten aan echte live Hunters in Heerenveen. Puzzelen, rennen en samenwerken!",Geen kamer maar de hele stad als speelveld. Live Hunters zitten jullie op de hielen.,"Ideaal als teamuitje, bedrijfsuitje of vrijgezellenfeest. Van 8 tot 200 personen.",Dé escape game met live Hunters. Vraag vrijblijvend een datum aan voor jullie groep.
The Hunt - Hunted,,,,,,,,,Hunted Assen,Enabled,0.80,,,,,,,,,,,,,,,,,,,,,,,,,,,,,,,,,,,,,,,,,
The Hunt - Hunted,,,,,,,,,Hunted Assen,,,hunted assen,Exact,Enabled,,,,,,,,,,,,,,,,,,,,,,,,,,,,,,,,,,,,,,
The Hunt - Hunted,,,,,,,,,Hunted Assen,,,hunted assen,Phrase,Enabled,,,,,,,,,,,,,,,,,,,,,,,,,,,,,,,,,,,,,,
The Hunt - Hunted,,,,,,,,,Hunted Assen,,,hunted spel assen,Exact,Enabled,,,,,,,,,,,,,,,,,,,,,,,,,,,,,,,,,,,,,,
The Hunt - Hunted,,,,,,,,,Hunted Assen,,,hunted spel assen,Phrase,Enabled,,,,,,,,,,,,,,,,,,,,,,,,,,,,,,,,,,,,,,
The Hunt - Hunted,,,,,,,,,Hunted Assen,,,hunted spelen assen,Exact,Enabled,,,,,,,,,,,,,,,,,,,,,,,,,,,,,,,,,,,,,,
The Hunt - Hunted,,,,,,,,,Hunted Assen,,,hunted spelen assen,Phrase,Enabled,,,,,,,,,,,,,,,,,,,,,,,,,,,,,,,,,,,,,,
The Hunt - Hunted,,,,,,,,,Hunted Assen,,,,,Enabled,Responsive search ad,https://escapegamethehunt.nl/escape-game-the-hunt-locaties/escape-game-the-hunt-assen/,The-Hunt,assen,Zelf Opgejaagd in Assen,1,Ontsnap aan Live Hunters,,Echte Hunters Jagen op Jullie,,Speel Het Zelf: The Hunt,,Escape Game The Hunt,,90 Minuten Opgejaagd Worden,,Live Hunters op Jullie Hielen,,Outdoor Escape in Assen,,Teamuitje met Live Hunters,,Vrijgezellenfeest Assen,,Vanaf 8 tot 200 Personen,,"Puzzelen, Rennen, Ontsnappen",,Blijf Uit Handen van Hunters,,Vrijblijvend Aanvragen,,De Stad Is Jullie Speelveld,,"Ontsnap 90 minuten aan echte live Hunters in Assen. Puzzelen, rennen en samenwerken!",Geen kamer maar de hele stad als speelveld. Live Hunters zitten jullie op de hielen.,"Ideaal als teamuitje, bedrijfsuitje of vrijgezellenfeest. Van 8 tot 200 personen.",Dé escape game met live Hunters. Vraag vrijblijvend een datum aan voor jullie groep.
The Hunt - Hunted,,,,,,,,,Hunted Emmen,Enabled,0.80,,,,,,,,,,,,,,,,,,,,,,,,,,,,,,,,,,,,,,,,,
The Hunt - Hunted,,,,,,,,,Hunted Emmen,,,hunted emmen,Exact,Enabled,,,,,,,,,,,,,,,,,,,,,,,,,,,,,,,,,,,,,,
The Hunt - Hunted,,,,,,,,,Hunted Emmen,,,hunted emmen,Phrase,Enabled,,,,,,,,,,,,,,,,,,,,,,,,,,,,,,,,,,,,,,
The Hunt - Hunted,,,,,,,,,Hunted Emmen,,,hunted spel emmen,Exact,Enabled,,,,,,,,,,,,,,,,,,,,,,,,,,,,,,,,,,,,,,
The Hunt - Hunted,,,,,,,,,Hunted Emmen,,,hunted spel emmen,Phrase,Enabled,,,,,,,,,,,,,,,,,,,,,,,,,,,,,,,,,,,,,,
The Hunt - Hunted,,,,,,,,,Hunted Emmen,,,hunted spelen emmen,Exact,Enabled,,,,,,,,,,,,,,,,,,,,,,,,,,,,,,,,,,,,,,
The Hunt - Hunted,,,,,,,,,Hunted Emmen,,,hunted spelen emmen,Phrase,Enabled,,,,,,,,,,,,,,,,,,,,,,,,,,,,,,,,,,,,,,
The Hunt - Hunted,,,,,,,,,Hunted Emmen,,,,,Enabled,Responsive search ad,https://escapegamethehunt.nl/escape-game-the-hunt-locaties/escape-game-the-hunt-emmen/,The-Hunt,emmen,Zelf Opgejaagd in Emmen,1,Ontsnap aan Live Hunters,,Echte Hunters Jagen op Jullie,,Speel Het Zelf: The Hunt,,Escape Game The Hunt,,90 Minuten Opgejaagd Worden,,Live Hunters op Jullie Hielen,,Outdoor Escape in Emmen,,Teamuitje met Live Hunters,,Vrijgezellenfeest Emmen,,Vanaf 8 tot 200 Personen,,"Puzzelen, Rennen, Ontsnappen",,Blijf Uit Handen van Hunters,,Vrijblijvend Aanvragen,,De Stad Is Jullie Speelveld,,"Ontsnap 90 minuten aan echte live Hunters in Emmen. Puzzelen, rennen en samenwerken!",Geen kamer maar de hele stad als speelveld. Live Hunters zitten jullie op de hielen.,"Ideaal als teamuitje, bedrijfsuitje of vrijgezellenfeest. Van 8 tot 200 personen.",Dé escape game met live Hunters. Vraag vrijblijvend een datum aan voor jullie groep.
The Hunt - Hunted,,,,,,,,,Hunted Meppel,Enabled,0.80,,,,,,,,,,,,,,,,,,,,,,,,,,,,,,,,,,,,,,,,,
The Hunt - Hunted,,,,,,,,,Hunted Meppel,,,hunted meppel,Exact,Enabled,,,,,,,,,,,,,,,,,,,,,,,,,,,,,,,,,,,,,,
The Hunt - Hunted,,,,,,,,,Hunted Meppel,,,hunted meppel,Phrase,Enabled,,,,,,,,,,,,,,,,,,,,,,,,,,,,,,,,,,,,,,
The Hunt - Hunted,,,,,,,,,Hunted Meppel,,,hunted spel meppel,Exact,Enabled,,,,,,,,,,,,,,,,,,,,,,,,,,,,,,,,,,,,,,
The Hunt - Hunted,,,,,,,,,Hunted Meppel,,,hunted spel meppel,Phrase,Enabled,,,,,,,,,,,,,,,,,,,,,,,,,,,,,,,,,,,,,,
The Hunt - Hunted,,,,,,,,,Hunted Meppel,,,hunted spelen meppel,Exact,Enabled,,,,,,,,,,,,,,,,,,,,,,,,,,,,,,,,,,,,,,
The Hunt - Hunted,,,,,,,,,Hunted Meppel,,,hunted spelen meppel,Phrase,Enabled,,,,,,,,,,,,,,,,,,,,,,,,,,,,,,,,,,,,,,
The Hunt - Hunted,,,,,,,,,Hunted Meppel,,,,,Enabled,Responsive search ad,https://escapegamethehunt.nl/escape-game-the-hunt-locaties/escape-game-the-hunt-meppel/,The-Hunt,meppel,Zelf Opgejaagd in Meppel,1,Ontsnap aan Live Hunters,,Echte Hunters Jagen op Jullie,,Speel Het Zelf: The Hunt,,Escape Game The Hunt,,90 Minuten Opgejaagd Worden,,Live Hunters op Jullie Hielen,,Outdoor Escape in Meppel,,Teamuitje met Live Hunters,,Vrijgezellenfeest Meppel,,Vanaf 8 tot 200 Personen,,"Puzzelen, Rennen, Ontsnappen",,Blijf Uit Handen van Hunters,,Vrijblijvend Aanvragen,,De Stad Is Jullie Speelveld,,"Ontsnap 90 minuten aan echte live Hunters in Meppel. Puzzelen, rennen en samenwerken!",Geen kamer maar de hele stad als speelveld. Live Hunters zitten jullie op de hielen.,"Ideaal als teamuitje, bedrijfsuitje of vrijgezellenfeest. Van 8 tot 200 personen.",Dé escape game met live Hunters. Vraag vrijblijvend een datum aan voor jullie groep.
The Hunt - Hunted,,,,,,,,,Hunted Zwolle,Enabled,0.80,,,,,,,,,,,,,,,,,,,,,,,,,,,,,,,,,,,,,,,,,
The Hunt - Hunted,,,,,,,,,Hunted Zwolle,,,hunted zwolle,Exact,Enabled,,,,,,,,,,,,,,,,,,,,,,,,,,,,,,,,,,,,,,
The Hunt - Hunted,,,,,,,,,Hunted Zwolle,,,hunted zwolle,Phrase,Enabled,,,,,,,,,,,,,,,,,,,,,,,,,,,,,,,,,,,,,,
The Hunt - Hunted,,,,,,,,,Hunted Zwolle,,,hunted spel zwolle,Exact,Enabled,,,,,,,,,,,,,,,,,,,,,,,,,,,,,,,,,,,,,,
The Hunt - Hunted,,,,,,,,,Hunted Zwolle,,,hunted spel zwolle,Phrase,Enabled,,,,,,,,,,,,,,,,,,,,,,,,,,,,,,,,,,,,,,
The Hunt - Hunted,,,,,,,,,Hunted Zwolle,,,hunted spelen zwolle,Exact,Enabled,,,,,,,,,,,,,,,,,,,,,,,,,,,,,,,,,,,,,,
The Hunt - Hunted,,,,,,,,,Hunted Zwolle,,,hunted spelen zwolle,Phrase,Enabled,,,,,,,,,,,,,,,,,,,,,,,,,,,,,,,,,,,,,,
The Hunt - Hunted,,,,,,,,,Hunted Zwolle,,,,,Enabled,Responsive search ad,https://escapegamethehunt.nl/escape-game-the-hunt-locaties/escape-game-the-hunt-zwolle/,The-Hunt,zwolle,Zelf Opgejaagd in Zwolle,1,Ontsnap aan Live Hunters,,Echte Hunters Jagen op Jullie,,Speel Het Zelf: The Hunt,,Escape Game The Hunt,,90 Minuten Opgejaagd Worden,,Live Hunters op Jullie Hielen,,Outdoor Escape in Zwolle,,Teamuitje met Live Hunters,,Vrijgezellenfeest Zwolle,,Vanaf 8 tot 200 Personen,,"Puzzelen, Rennen, Ontsnappen",,Blijf Uit Handen van Hunters,,Vrijblijvend Aanvragen,,De Stad Is Jullie Speelveld,,"Ontsnap 90 minuten aan echte live Hunters in Zwolle. Puzzelen, rennen en samenwerken!",Geen kamer maar de hele stad als speelveld. Live Hunters zitten jullie op de hielen.,"Ideaal als teamuitje, bedrijfsuitje of vrijgezellenfeest. Van 8 tot 200 personen.",Dé escape game met live Hunters. Vraag vrijblijvend een datum aan voor jullie groep.
The Hunt - Hunted,,,,,,,,,Hunted Kampen,Enabled,0.80,,,,,,,,,,,,,,,,,,,,,,,,,,,,,,,,,,,,,,,,,
The Hunt - Hunted,,,,,,,,,Hunted Kampen,,,hunted kampen,Exact,Enabled,,,,,,,,,,,,,,,,,,,,,,,,,,,,,,,,,,,,,,
The Hunt - Hunted,,,,,,,,,Hunted Kampen,,,hunted kampen,Phrase,Enabled,,,,,,,,,,,,,,,,,,,,,,,,,,,,,,,,,,,,,,
The Hunt - Hunted,,,,,,,,,Hunted Kampen,,,hunted spel kampen,Exact,Enabled,,,,,,,,,,,,,,,,,,,,,,,,,,,,,,,,,,,,,,
The Hunt - Hunted,,,,,,,,,Hunted Kampen,,,hunted spel kampen,Phrase,Enabled,,,,,,,,,,,,,,,,,,,,,,,,,,,,,,,,,,,,,,
The Hunt - Hunted,,,,,,,,,Hunted Kampen,,,hunted spelen kampen,Exact,Enabled,,,,,,,,,,,,,,,,,,,,,,,,,,,,,,,,,,,,,,
The Hunt - Hunted,,,,,,,,,Hunted Kampen,,,hunted spelen kampen,Phrase,Enabled,,,,,,,,,,,,,,,,,,,,,,,,,,,,,,,,,,,,,,
The Hunt - Hunted,,,,,,,,,Hunted Kampen,,,,,Enabled,Responsive search ad,https://escapegamethehunt.nl/escape-game-the-hunt-locaties/escape-game-the-hunt-kampen/,The-Hunt,kampen,Zelf Opgejaagd in Kampen,1,Ontsnap aan Live Hunters,,Echte Hunters Jagen op Jullie,,Speel Het Zelf: The Hunt,,Escape Game The Hunt,,90 Minuten Opgejaagd Worden,,Live Hunters op Jullie Hielen,,Outdoor Escape in Kampen,,Teamuitje met Live Hunters,,Vrijgezellenfeest Kampen,,Vanaf 8 tot 200 Personen,,"Puzzelen, Rennen, Ontsnappen",,Blijf Uit Handen van Hunters,,Vrijblijvend Aanvragen,,De Stad Is Jullie Speelveld,,"Ontsnap 90 minuten aan echte live Hunters in Kampen. Puzzelen, rennen en samenwerken!",Geen kamer maar de hele stad als speelveld. Live Hunters zitten jullie op de hielen.,"Ideaal als teamuitje, bedrijfsuitje of vrijgezellenfeest. Van 8 tot 200 personen.",Dé escape game met live Hunters. Vraag vrijblijvend een datum aan voor jullie groep.
The Hunt - Hunted,,,,,,,,,Hunted Steenwijk,Enabled,0.80,,,,,,,,,,,,,,,,,,,,,,,,,,,,,,,,,,,,,,,,,
The Hunt - Hunted,,,,,,,,,Hunted Steenwijk,,,hunted steenwijk,Exact,Enabled,,,,,,,,,,,,,,,,,,,,,,,,,,,,,,,,,,,,,,
The Hunt - Hunted,,,,,,,,,Hunted Steenwijk,,,hunted steenwijk,Phrase,Enabled,,,,,,,,,,,,,,,,,,,,,,,,,,,,,,,,,,,,,,
The Hunt - Hunted,,,,,,,,,Hunted Steenwijk,,,hunted spel steenwijk,Exact,Enabled,,,,,,,,,,,,,,,,,,,,,,,,,,,,,,,,,,,,,,
The Hunt - Hunted,,,,,,,,,Hunted Steenwijk,,,hunted spel steenwijk,Phrase,Enabled,,,,,,,,,,,,,,,,,,,,,,,,,,,,,,,,,,,,,,
The Hunt - Hunted,,,,,,,,,Hunted Steenwijk,,,hunted spelen steenwijk,Exact,Enabled,,,,,,,,,,,,,,,,,,,,,,,,,,,,,,,,,,,,,,
The Hunt - Hunted,,,,,,,,,Hunted Steenwijk,,,hunted spelen steenwijk,Phrase,Enabled,,,,,,,,,,,,,,,,,,,,,,,,,,,,,,,,,,,,,,
The Hunt - Hunted,,,,,,,,,Hunted Steenwijk,,,,,Enabled,Responsive search ad,https://escapegamethehunt.nl/escape-game-the-hunt-locaties/escape-game-the-hunt-steenwijk/,The-Hunt,steenwijk,Zelf Opgejaagd in Steenwijk,1,Ontsnap aan Live Hunters,,Echte Hunters Jagen op Jullie,,Speel Het Zelf: The Hunt,,Escape Game The Hunt,,90 Minuten Opgejaagd Worden,,Live Hunters op Jullie Hielen,,Outdoor Escape in Steenwijk,,Teamuitje met Live Hunters,,Vrijgezellenfeest Steenwijk,,Vanaf 8 tot 200 Personen,,"Puzzelen, Rennen, Ontsnappen",,Blijf Uit Handen van Hunters,,Vrijblijvend Aanvragen,,De Stad Is Jullie Speelveld,,"Ontsnap 90 minuten aan echte live Hunters in Steenwijk. Puzzelen, rennen en samenwerken!",Geen kamer maar de hele stad als speelveld. Live Hunters zitten jullie op de hielen.,"Ideaal als teamuitje, bedrijfsuitje of vrijgezellenfeest. Van 8 tot 200 personen.",Dé escape game met live Hunters. Vraag vrijblijvend een datum aan voor jullie groep.
The Hunt - Hunted,,,,,,,,,Hunted Deventer,Enabled,0.80,,,,,,,,,,,,,,,,,,,,,,,,,,,,,,,,,,,,,,,,,
The Hunt - Hunted,,,,,,,,,Hunted Deventer,,,hunted deventer,Exact,Enabled,,,,,,,,,,,,,,,,,,,,,,,,,,,,,,,,,,,,,,
The Hunt - Hunted,,,,,,,,,Hunted Deventer,,,hunted deventer,Phrase,Enabled,,,,,,,,,,,,,,,,,,,,,,,,,,,,,,,,,,,,,,
The Hunt - Hunted,,,,,,,,,Hunted Deventer,,,hunted spel deventer,Exact,Enabled,,,,,,,,,,,,,,,,,,,,,,,,,,,,,,,,,,,,,,
The Hunt - Hunted,,,,,,,,,Hunted Deventer,,,hunted spel deventer,Phrase,Enabled,,,,,,,,,,,,,,,,,,,,,,,,,,,,,,,,,,,,,,
The Hunt - Hunted,,,,,,,,,Hunted Deventer,,,hunted spelen deventer,Exact,Enabled,,,,,,,,,,,,,,,,,,,,,,,,,,,,,,,,,,,,,,
The Hunt - Hunted,,,,,,,,,Hunted Deventer,,,hunted spelen deventer,Phrase,Enabled,,,,,,,,,,,,,,,,,,,,,,,,,,,,,,,,,,,,,,
The Hunt - Hunted,,,,,,,,,Hunted Deventer,,,,,Enabled,Responsive search ad,https://escapegamethehunt.nl/escape-game-the-hunt-locaties/escape-game-the-hunt-deventer/,The-Hunt,deventer,Zelf Opgejaagd in Deventer,1,Ontsnap aan Live Hunters,,Echte Hunters Jagen op Jullie,,Speel Het Zelf: The Hunt,,Escape Game The Hunt,,90 Minuten Opgejaagd Worden,,Live Hunters op Jullie Hielen,,Outdoor Escape in Deventer,,Teamuitje met Live Hunters,,Vrijgezellenfeest Deventer,,Vanaf 8 tot 200 Personen,,"Puzzelen, Rennen, Ontsnappen",,Blijf Uit Handen van Hunters,,Vrijblijvend Aanvragen,,De Stad Is Jullie Speelveld,,"Ontsnap 90 minuten aan echte live Hunters in Deventer. Puzzelen, rennen en samenwerken!",Geen kamer maar de hele stad als speelveld. Live Hunters zitten jullie op de hielen.,"Ideaal als teamuitje, bedrijfsuitje of vrijgezellenfeest. Van 8 tot 200 personen.",Dé escape game met live Hunters. Vraag vrijblijvend een datum aan voor jullie groep.
The Hunt - Hunted,,,,,,,,,Hunted Almelo,Enabled,0.80,,,,,,,,,,,,,,,,,,,,,,,,,,,,,,,,,,,,,,,,,
The Hunt - Hunted,,,,,,,,,Hunted Almelo,,,hunted almelo,Exact,Enabled,,,,,,,,,,,,,,,,,,,,,,,,,,,,,,,,,,,,,,
The Hunt - Hunted,,,,,,,,,Hunted Almelo,,,hunted almelo,Phrase,Enabled,,,,,,,,,,,,,,,,,,,,,,,,,,,,,,,,,,,,,,
The Hunt - Hunted,,,,,,,,,Hunted Almelo,,,hunted spel almelo,Exact,Enabled,,,,,,,,,,,,,,,,,,,,,,,,,,,,,,,,,,,,,,
The Hunt - Hunted,,,,,,,,,Hunted Almelo,,,hunted spel almelo,Phrase,Enabled,,,,,,,,,,,,,,,,,,,,,,,,,,,,,,,,,,,,,,
The Hunt - Hunted,,,,,,,,,Hunted Almelo,,,hunted spelen almelo,Exact,Enabled,,,,,,,,,,,,,,,,,,,,,,,,,,,,,,,,,,,,,,
The Hunt - Hunted,,,,,,,,,Hunted Almelo,,,hunted spelen almelo,Phrase,Enabled,,,,,,,,,,,,,,,,,,,,,,,,,,,,,,,,,,,,,,
The Hunt - Hunted,,,,,,,,,Hunted Almelo,,,,,Enabled,Responsive search ad,https://escapegamethehunt.nl/escape-game-the-hunt-locaties/escape-game-the-hunt-almelo/,The-Hunt,almelo,Zelf Opgejaagd in Almelo,1,Ontsnap aan Live Hunters,,Echte Hunters Jagen op Jullie,,Speel Het Zelf: The Hunt,,Escape Game The Hunt,,90 Minuten Opgejaagd Worden,,Live Hunters op Jullie Hielen,,Outdoor Escape in Almelo,,Teamuitje met Live Hunters,,Vrijgezellenfeest Almelo,,Vanaf 8 tot 200 Personen,,"Puzzelen, Rennen, Ontsnappen",,Blijf Uit Handen van Hunters,,Vrijblijvend Aanvragen,,De Stad Is Jullie Speelveld,,"Ontsnap 90 minuten aan echte live Hunters in Almelo. Puzzelen, rennen en samenwerken!",Geen kamer maar de hele stad als speelveld. Live Hunters zitten jullie op de hielen.,"Ideaal als teamuitje, bedrijfsuitje of vrijgezellenfeest. Van 8 tot 200 personen.",Dé escape game met live Hunters. Vraag vrijblijvend een datum aan voor jullie groep.
The Hunt - Hunted,,,,,,,,,Hunted Enschede,Enabled,0.80,,,,,,,,,,,,,,,,,,,,,,,,,,,,,,,,,,,,,,,,,
The Hunt - Hunted,,,,,,,,,Hunted Enschede,,,hunted enschede,Exact,Enabled,,,,,,,,,,,,,,,,,,,,,,,,,,,,,,,,,,,,,,
The Hunt - Hunted,,,,,,,,,Hunted Enschede,,,hunted enschede,Phrase,Enabled,,,,,,,,,,,,,,,,,,,,,,,,,,,,,,,,,,,,,,
The Hunt - Hunted,,,,,,,,,Hunted Enschede,,,hunted spel enschede,Exact,Enabled,,,,,,,,,,,,,,,,,,,,,,,,,,,,,,,,,,,,,,
The Hunt - Hunted,,,,,,,,,Hunted Enschede,,,hunted spel enschede,Phrase,Enabled,,,,,,,,,,,,,,,,,,,,,,,,,,,,,,,,,,,,,,
The Hunt - Hunted,,,,,,,,,Hunted Enschede,,,hunted spelen enschede,Exact,Enabled,,,,,,,,,,,,,,,,,,,,,,,,,,,,,,,,,,,,,,
The Hunt - Hunted,,,,,,,,,Hunted Enschede,,,hunted spelen enschede,Phrase,Enabled,,,,,,,,,,,,,,,,,,,,,,,,,,,,,,,,,,,,,,
The Hunt - Hunted,,,,,,,,,Hunted Enschede,,,,,Enabled,Responsive search ad,https://escapegamethehunt.nl/escape-game-the-hunt-locaties/escape-game-the-hunt-enschede/,The-Hunt,enschede,Zelf Opgejaagd in Enschede,1,Ontsnap aan Live Hunters,,Echte Hunters Jagen op Jullie,,Speel Het Zelf: The Hunt,,Escape Game The Hunt,,90 Minuten Opgejaagd Worden,,Live Hunters op Jullie Hielen,,Outdoor Escape in Enschede,,Teamuitje met Live Hunters,,Vrijgezellenfeest Enschede,,Vanaf 8 tot 200 Personen,,"Puzzelen, Rennen, Ontsnappen",,Blijf Uit Handen van Hunters,,Vrijblijvend Aanvragen,,De Stad Is Jullie Speelveld,,"Ontsnap 90 minuten aan echte live Hunters in Enschede. Puzzelen, rennen en samenwerken!",Geen kamer maar de hele stad als speelveld. Live Hunters zitten jullie op de hielen.,"Ideaal als teamuitje, bedrijfsuitje of vrijgezellenfeest. Van 8 tot 200 personen.",Dé escape game met live Hunters. Vraag vrijblijvend een datum aan voor jullie groep.
The Hunt - Hunted,,,,,,,,,Hunted Oldenzaal,Enabled,0.80,,,,,,,,,,,,,,,,,,,,,,,,,,,,,,,,,,,,,,,,,
The Hunt - Hunted,,,,,,,,,Hunted Oldenzaal,,,hunted oldenzaal,Exact,Enabled,,,,,,,,,,,,,,,,,,,,,,,,,,,,,,,,,,,,,,
The Hunt - Hunted,,,,,,,,,Hunted Oldenzaal,,,hunted oldenzaal,Phrase,Enabled,,,,,,,,,,,,,,,,,,,,,,,,,,,,,,,,,,,,,,
The Hunt - Hunted,,,,,,,,,Hunted Oldenzaal,,,hunted spel oldenzaal,Exact,Enabled,,,,,,,,,,,,,,,,,,,,,,,,,,,,,,,,,,,,,,
The Hunt - Hunted,,,,,,,,,Hunted Oldenzaal,,,hunted spel oldenzaal,Phrase,Enabled,,,,,,,,,,,,,,,,,,,,,,,,,,,,,,,,,,,,,,
The Hunt - Hunted,,,,,,,,,Hunted Oldenzaal,,,hunted spelen oldenzaal,Exact,Enabled,,,,,,,,,,,,,,,,,,,,,,,,,,,,,,,,,,,,,,
The Hunt - Hunted,,,,,,,,,Hunted Oldenzaal,,,hunted spelen oldenzaal,Phrase,Enabled,,,,,,,,,,,,,,,,,,,,,,,,,,,,,,,,,,,,,,
The Hunt - Hunted,,,,,,,,,Hunted Oldenzaal,,,,,Enabled,Responsive search ad,https://escapegamethehunt.nl/escape-game-the-hunt-locaties/escape-game-the-hunt-oldenzaal/,The-Hunt,oldenzaal,Zelf Opgejaagd in Oldenzaal,1,Ontsnap aan Live Hunters,,Echte Hunters Jagen op Jullie,,Speel Het Zelf: The Hunt,,Escape Game The Hunt,,90 Minuten Opgejaagd Worden,,Live Hunters op Jullie Hielen,,Outdoor Escape in Oldenzaal,,Teamuitje met Live Hunters,,Vrijgezellenfeest Oldenzaal,,Vanaf 8 tot 200 Personen,,"Puzzelen, Rennen, Ontsnappen",,Blijf Uit Handen van Hunters,,Vrijblijvend Aanvragen,,De Stad Is Jullie Speelveld,,"Ontsnap 90 minuten aan echte live Hunters in Oldenzaal. Puzzelen, rennen en samenwerken!",Geen kamer maar de hele stad als speelveld. Live Hunters zitten jullie op de hielen.,"Ideaal als teamuitje, bedrijfsuitje of vrijgezellenfeest. Van 8 tot 200 personen.",Dé escape game met live Hunters. Vraag vrijblijvend een datum aan voor jullie groep.
The Hunt - Hunted,,,,,,,,,Hunted Almere,Enabled,0.80,,,,,,,,,,,,,,,,,,,,,,,,,,,,,,,,,,,,,,,,,
The Hunt - Hunted,,,,,,,,,Hunted Almere,,,hunted almere,Exact,Enabled,,,,,,,,,,,,,,,,,,,,,,,,,,,,,,,,,,,,,,
The Hunt - Hunted,,,,,,,,,Hunted Almere,,,hunted almere,Phrase,Enabled,,,,,,,,,,,,,,,,,,,,,,,,,,,,,,,,,,,,,,
The Hunt - Hunted,,,,,,,,,Hunted Almere,,,hunted spel almere,Exact,Enabled,,,,,,,,,,,,,,,,,,,,,,,,,,,,,,,,,,,,,,
The Hunt - Hunted,,,,,,,,,Hunted Almere,,,hunted spel almere,Phrase,Enabled,,,,,,,,,,,,,,,,,,,,,,,,,,,,,,,,,,,,,,
The Hunt - Hunted,,,,,,,,,Hunted Almere,,,hunted spelen almere,Exact,Enabled,,,,,,,,,,,,,,,,,,,,,,,,,,,,,,,,,,,,,,
The Hunt - Hunted,,,,,,,,,Hunted Almere,,,hunted spelen almere,Phrase,Enabled,,,,,,,,,,,,,,,,,,,,,,,,,,,,,,,,,,,,,,
The Hunt - Hunted,,,,,,,,,Hunted Almere,,,,,Enabled,Responsive search ad,https://escapegamethehunt.nl/escape-game-the-hunt-locaties/escape-game-the-hunt-almere/,The-Hunt,almere,Zelf Opgejaagd in Almere,1,Ontsnap aan Live Hunters,,Echte Hunters Jagen op Jullie,,Speel Het Zelf: The Hunt,,Escape Game The Hunt,,90 Minuten Opgejaagd Worden,,Live Hunters op Jullie Hielen,,Outdoor Escape in Almere,,Teamuitje met Live Hunters,,Vrijgezellenfeest Almere,,Vanaf 8 tot 200 Personen,,"Puzzelen, Rennen, Ontsnappen",,Blijf Uit Handen van Hunters,,Vrijblijvend Aanvragen,,De Stad Is Jullie Speelveld,,"Ontsnap 90 minuten aan echte live Hunters in Almere. Puzzelen, rennen en samenwerken!",Geen kamer maar de hele stad als speelveld. Live Hunters zitten jullie op de hielen.,"Ideaal als teamuitje, bedrijfsuitje of vrijgezellenfeest. Van 8 tot 200 personen.",Dé escape game met live Hunters. Vraag vrijblijvend een datum aan voor jullie groep.
The Hunt - Hunted,,,,,,,,,Hunted Arnhem,Enabled,0.80,,,,,,,,,,,,,,,,,,,,,,,,,,,,,,,,,,,,,,,,,
The Hunt - Hunted,,,,,,,,,Hunted Arnhem,,,hunted arnhem,Exact,Enabled,,,,,,,,,,,,,,,,,,,,,,,,,,,,,,,,,,,,,,
The Hunt - Hunted,,,,,,,,,Hunted Arnhem,,,hunted arnhem,Phrase,Enabled,,,,,,,,,,,,,,,,,,,,,,,,,,,,,,,,,,,,,,
The Hunt - Hunted,,,,,,,,,Hunted Arnhem,,,hunted spel arnhem,Exact,Enabled,,,,,,,,,,,,,,,,,,,,,,,,,,,,,,,,,,,,,,
The Hunt - Hunted,,,,,,,,,Hunted Arnhem,,,hunted spel arnhem,Phrase,Enabled,,,,,,,,,,,,,,,,,,,,,,,,,,,,,,,,,,,,,,
The Hunt - Hunted,,,,,,,,,Hunted Arnhem,,,hunted spelen arnhem,Exact,Enabled,,,,,,,,,,,,,,,,,,,,,,,,,,,,,,,,,,,,,,
The Hunt - Hunted,,,,,,,,,Hunted Arnhem,,,hunted spelen arnhem,Phrase,Enabled,,,,,,,,,,,,,,,,,,,,,,,,,,,,,,,,,,,,,,
The Hunt - Hunted,,,,,,,,,Hunted Arnhem,,,,,Enabled,Responsive search ad,https://escapegamethehunt.nl/escape-game-the-hunt-locaties/escape-game-the-hunt-arnhem/,The-Hunt,arnhem,Zelf Opgejaagd in Arnhem,1,Ontsnap aan Live Hunters,,Echte Hunters Jagen op Jullie,,Speel Het Zelf: The Hunt,,Escape Game The Hunt,,90 Minuten Opgejaagd Worden,,Live Hunters op Jullie Hielen,,Outdoor Escape in Arnhem,,Teamuitje met Live Hunters,,Vrijgezellenfeest Arnhem,,Vanaf 8 tot 200 Personen,,"Puzzelen, Rennen, Ontsnappen",,Blijf Uit Handen van Hunters,,Vrijblijvend Aanvragen,,De Stad Is Jullie Speelveld,,"Ontsnap 90 minuten aan echte live Hunters in Arnhem. Puzzelen, rennen en samenwerken!",Geen kamer maar de hele stad als speelveld. Live Hunters zitten jullie op de hielen.,"Ideaal als teamuitje, bedrijfsuitje of vrijgezellenfeest. Van 8 tot 200 personen.",Dé escape game met live Hunters. Vraag vrijblijvend een datum aan voor jullie groep.
The Hunt - Hunted,,,,,,,,,Hunted Nijmegen,Enabled,0.80,,,,,,,,,,,,,,,,,,,,,,,,,,,,,,,,,,,,,,,,,
The Hunt - Hunted,,,,,,,,,Hunted Nijmegen,,,hunted nijmegen,Exact,Enabled,,,,,,,,,,,,,,,,,,,,,,,,,,,,,,,,,,,,,,
The Hunt - Hunted,,,,,,,,,Hunted Nijmegen,,,hunted nijmegen,Phrase,Enabled,,,,,,,,,,,,,,,,,,,,,,,,,,,,,,,,,,,,,,
The Hunt - Hunted,,,,,,,,,Hunted Nijmegen,,,hunted spel nijmegen,Exact,Enabled,,,,,,,,,,,,,,,,,,,,,,,,,,,,,,,,,,,,,,
The Hunt - Hunted,,,,,,,,,Hunted Nijmegen,,,hunted spel nijmegen,Phrase,Enabled,,,,,,,,,,,,,,,,,,,,,,,,,,,,,,,,,,,,,,
The Hunt - Hunted,,,,,,,,,Hunted Nijmegen,,,hunted spelen nijmegen,Exact,Enabled,,,,,,,,,,,,,,,,,,,,,,,,,,,,,,,,,,,,,,
The Hunt - Hunted,,,,,,,,,Hunted Nijmegen,,,hunted spelen nijmegen,Phrase,Enabled,,,,,,,,,,,,,,,,,,,,,,,,,,,,,,,,,,,,,,
The Hunt - Hunted,,,,,,,,,Hunted Nijmegen,,,,,Enabled,Responsive search ad,https://escapegamethehunt.nl/escape-game-the-hunt-locaties/escape-game-the-hunt-nijmegen/,The-Hunt,nijmegen,Zelf Opgejaagd in Nijmegen,1,Ontsnap aan Live Hunters,,Echte Hunters Jagen op Jullie,,Speel Het Zelf: The Hunt,,Escape Game The Hunt,,90 Minuten Opgejaagd Worden,,Live Hunters op Jullie Hielen,,Outdoor Escape in Nijmegen,,Teamuitje met Live Hunters,,Vrijgezellenfeest Nijmegen,,Vanaf 8 tot 200 Personen,,"Puzzelen, Rennen, Ontsnappen",,Blijf Uit Handen van Hunters,,Vrijblijvend Aanvragen,,De Stad Is Jullie Speelveld,,"Ontsnap 90 minuten aan echte live Hunters in Nijmegen. Puzzelen, rennen en samenwerken!",Geen kamer maar de hele stad als speelveld. Live Hunters zitten jullie op de hielen.,"Ideaal als teamuitje, bedrijfsuitje of vrijgezellenfeest. Van 8 tot 200 personen.",Dé escape game met live Hunters. Vraag vrijblijvend een datum aan voor jullie groep.
The Hunt - Hunted,,,,,,,,,Hunted Utrecht,Enabled,0.80,,,,,,,,,,,,,,,,,,,,,,,,,,,,,,,,,,,,,,,,,
The Hunt - Hunted,,,,,,,,,Hunted Utrecht,,,hunted utrecht,Exact,Enabled,,,,,,,,,,,,,,,,,,,,,,,,,,,,,,,,,,,,,,
The Hunt - Hunted,,,,,,,,,Hunted Utrecht,,,hunted utrecht,Phrase,Enabled,,,,,,,,,,,,,,,,,,,,,,,,,,,,,,,,,,,,,,
The Hunt - Hunted,,,,,,,,,Hunted Utrecht,,,hunted spel utrecht,Exact,Enabled,,,,,,,,,,,,,,,,,,,,,,,,,,,,,,,,,,,,,,
The Hunt - Hunted,,,,,,,,,Hunted Utrecht,,,hunted spel utrecht,Phrase,Enabled,,,,,,,,,,,,,,,,,,,,,,,,,,,,,,,,,,,,,,
The Hunt - Hunted,,,,,,,,,Hunted Utrecht,,,hunted spelen utrecht,Exact,Enabled,,,,,,,,,,,,,,,,,,,,,,,,,,,,,,,,,,,,,,
The Hunt - Hunted,,,,,,,,,Hunted Utrecht,,,hunted spelen utrecht,Phrase,Enabled,,,,,,,,,,,,,,,,,,,,,,,,,,,,,,,,,,,,,,
The Hunt - Hunted,,,,,,,,,Hunted Utrecht,,,,,Enabled,Responsive search ad,https://escapegamethehunt.nl/escape-game-the-hunt-locaties/escape-game-the-hunt-utrecht/,The-Hunt,utrecht,Zelf Opgejaagd in Utrecht,1,Ontsnap aan Live Hunters,,Echte Hunters Jagen op Jullie,,Speel Het Zelf: The Hunt,,Escape Game The Hunt,,90 Minuten Opgejaagd Worden,,Live Hunters op Jullie Hielen,,Outdoor Escape in Utrecht,,Teamuitje met Live Hunters,,Vrijgezellenfeest Utrecht,,Vanaf 8 tot 200 Personen,,"Puzzelen, Rennen, Ontsnappen",,Blijf Uit Handen van Hunters,,Vrijblijvend Aanvragen,,De Stad Is Jullie Speelveld,,"Ontsnap 90 minuten aan echte live Hunters in Utrecht. Puzzelen, rennen en samenwerken!",Geen kamer maar de hele stad als speelveld. Live Hunters zitten jullie op de hielen.,"Ideaal als teamuitje, bedrijfsuitje of vrijgezellenfeest. Van 8 tot 200 personen.",Dé escape game met live Hunters. Vraag vrijblijvend een datum aan voor jullie groep.
The Hunt - Hunted,,,,,,,,,Hunted Amersfoort,Enabled,0.80,,,,,,,,,,,,,,,,,,,,,,,,,,,,,,,,,,,,,,,,,
The Hunt - Hunted,,,,,,,,,Hunted Amersfoort,,,hunted amersfoort,Exact,Enabled,,,,,,,,,,,,,,,,,,,,,,,,,,,,,,,,,,,,,,
The Hunt - Hunted,,,,,,,,,Hunted Amersfoort,,,hunted amersfoort,Phrase,Enabled,,,,,,,,,,,,,,,,,,,,,,,,,,,,,,,,,,,,,,
The Hunt - Hunted,,,,,,,,,Hunted Amersfoort,,,hunted spel amersfoort,Exact,Enabled,,,,,,,,,,,,,,,,,,,,,,,,,,,,,,,,,,,,,,
The Hunt - Hunted,,,,,,,,,Hunted Amersfoort,,,hunted spel amersfoort,Phrase,Enabled,,,,,,,,,,,,,,,,,,,,,,,,,,,,,,,,,,,,,,
The Hunt - Hunted,,,,,,,,,Hunted Amersfoort,,,hunted spelen amersfoort,Exact,Enabled,,,,,,,,,,,,,,,,,,,,,,,,,,,,,,,,,,,,,,
The Hunt - Hunted,,,,,,,,,Hunted Amersfoort,,,hunted spelen amersfoort,Phrase,Enabled,,,,,,,,,,,,,,,,,,,,,,,,,,,,,,,,,,,,,,
The Hunt - Hunted,,,,,,,,,Hunted Amersfoort,,,,,Enabled,Responsive search ad,https://escapegamethehunt.nl/escape-game-the-hunt-locaties/escape-game-the-hunt-amersfoort/,The-Hunt,amersfoort,Zelf Opgejaagd in Amersfoort,1,Ontsnap aan Live Hunters,,Echte Hunters Jagen op Jullie,,Speel Het Zelf: The Hunt,,Escape Game The Hunt,,90 Minuten Opgejaagd Worden,,Live Hunters op Jullie Hielen,,Outdoor Escape in Amersfoort,,Teamuitje met Live Hunters,,Vrijgezellenfeest Amersfoort,,Vanaf 8 tot 200 Personen,,"Puzzelen, Rennen, Ontsnappen",,Blijf Uit Handen van Hunters,,Vrijblijvend Aanvragen,,De Stad Is Jullie Speelveld,,"Ontsnap 90 minuten aan echte live Hunters in Amersfoort. Puzzelen, rennen en samenwerken!",Geen kamer maar de hele stad als speelveld. Live Hunters zitten jullie op de hielen.,"Ideaal als teamuitje, bedrijfsuitje of vrijgezellenfeest. Van 8 tot 200 personen.",Dé escape game met live Hunters. Vraag vrijblijvend een datum aan voor jullie groep.
The Hunt - Hunted,,,,,,,,,Hunted Amsterdam,Enabled,0.80,,,,,,,,,,,,,,,,,,,,,,,,,,,,,,,,,,,,,,,,,
The Hunt - Hunted,,,,,,,,,Hunted Amsterdam,,,hunted amsterdam,Exact,Enabled,,,,,,,,,,,,,,,,,,,,,,,,,,,,,,,,,,,,,,
The Hunt - Hunted,,,,,,,,,Hunted Amsterdam,,,hunted amsterdam,Phrase,Enabled,,,,,,,,,,,,,,,,,,,,,,,,,,,,,,,,,,,,,,
The Hunt - Hunted,,,,,,,,,Hunted Amsterdam,,,hunted spel amsterdam,Exact,Enabled,,,,,,,,,,,,,,,,,,,,,,,,,,,,,,,,,,,,,,
The Hunt - Hunted,,,,,,,,,Hunted Amsterdam,,,hunted spel amsterdam,Phrase,Enabled,,,,,,,,,,,,,,,,,,,,,,,,,,,,,,,,,,,,,,
The Hunt - Hunted,,,,,,,,,Hunted Amsterdam,,,hunted spelen amsterdam,Exact,Enabled,,,,,,,,,,,,,,,,,,,,,,,,,,,,,,,,,,,,,,
The Hunt - Hunted,,,,,,,,,Hunted Amsterdam,,,hunted spelen amsterdam,Phrase,Enabled,,,,,,,,,,,,,,,,,,,,,,,,,,,,,,,,,,,,,,
The Hunt - Hunted,,,,,,,,,Hunted Amsterdam,,,,,Enabled,Responsive search ad,https://escapegamethehunt.nl/escape-game-the-hunt-locaties/escape-game-the-hunt-amsterdam/,The-Hunt,amsterdam,Zelf Opgejaagd in Amsterdam,1,Ontsnap aan Live Hunters,,Echte Hunters Jagen op Jullie,,Speel Het Zelf: The Hunt,,Escape Game The Hunt,,90 Minuten Opgejaagd Worden,,Live Hunters op Jullie Hielen,,Outdoor Escape in Amsterdam,,Teamuitje met Live Hunters,,Vrijgezellenfeest Amsterdam,,Vanaf 8 tot 200 Personen,,"Puzzelen, Rennen, Ontsnappen",,Blijf Uit Handen van Hunters,,Vrijblijvend Aanvragen,,De Stad Is Jullie Speelveld,,"Ontsnap 90 minuten aan echte live Hunters in Amsterdam. Puzzelen, rennen en samenwerken!",Geen kamer maar de hele stad als speelveld. Live Hunters zitten jullie op de hielen.,"Ideaal als teamuitje, bedrijfsuitje of vrijgezellenfeest. Van 8 tot 200 personen.",Dé escape game met live Hunters. Vraag vrijblijvend een datum aan voor jullie groep.
The Hunt - Hunted,,,,,,,,,Hunted Haarlem,Enabled,0.80,,,,,,,,,,,,,,,,,,,,,,,,,,,,,,,,,,,,,,,,,
The Hunt - Hunted,,,,,,,,,Hunted Haarlem,,,hunted haarlem,Exact,Enabled,,,,,,,,,,,,,,,,,,,,,,,,,,,,,,,,,,,,,,
The Hunt - Hunted,,,,,,,,,Hunted Haarlem,,,hunted haarlem,Phrase,Enabled,,,,,,,,,,,,,,,,,,,,,,,,,,,,,,,,,,,,,,
The Hunt - Hunted,,,,,,,,,Hunted Haarlem,,,hunted spel haarlem,Exact,Enabled,,,,,,,,,,,,,,,,,,,,,,,,,,,,,,,,,,,,,,
The Hunt - Hunted,,,,,,,,,Hunted Haarlem,,,hunted spel haarlem,Phrase,Enabled,,,,,,,,,,,,,,,,,,,,,,,,,,,,,,,,,,,,,,
The Hunt - Hunted,,,,,,,,,Hunted Haarlem,,,hunted spelen haarlem,Exact,Enabled,,,,,,,,,,,,,,,,,,,,,,,,,,,,,,,,,,,,,,
The Hunt - Hunted,,,,,,,,,Hunted Haarlem,,,hunted spelen haarlem,Phrase,Enabled,,,,,,,,,,,,,,,,,,,,,,,,,,,,,,,,,,,,,,
The Hunt - Hunted,,,,,,,,,Hunted Haarlem,,,,,Enabled,Responsive search ad,https://escapegamethehunt.nl/escape-game-the-hunt-locaties/escape-game-the-hunt-haarlem/,The-Hunt,haarlem,Zelf Opgejaagd in Haarlem,1,Ontsnap aan Live Hunters,,Echte Hunters Jagen op Jullie,,Speel Het Zelf: The Hunt,,Escape Game The Hunt,,90 Minuten Opgejaagd Worden,,Live Hunters op Jullie Hielen,,Outdoor Escape in Haarlem,,Teamuitje met Live Hunters,,Vrijgezellenfeest Haarlem,,Vanaf 8 tot 200 Personen,,"Puzzelen, Rennen, Ontsnappen",,Blijf Uit Handen van Hunters,,Vrijblijvend Aanvragen,,De Stad Is Jullie Speelveld,,"Ontsnap 90 minuten aan echte live Hunters in Haarlem. Puzzelen, rennen en samenwerken!",Geen kamer maar de hele stad als speelveld. Live Hunters zitten jullie op de hielen.,"Ideaal als teamuitje, bedrijfsuitje of vrijgezellenfeest. Van 8 tot 200 personen.",Dé escape game met live Hunters. Vraag vrijblijvend een datum aan voor jullie groep.
The Hunt - Hunted,,,,,,,,,Hunted Alkmaar,Enabled,0.80,,,,,,,,,,,,,,,,,,,,,,,,,,,,,,,,,,,,,,,,,
The Hunt - Hunted,,,,,,,,,Hunted Alkmaar,,,hunted alkmaar,Exact,Enabled,,,,,,,,,,,,,,,,,,,,,,,,,,,,,,,,,,,,,,
The Hunt - Hunted,,,,,,,,,Hunted Alkmaar,,,hunted alkmaar,Phrase,Enabled,,,,,,,,,,,,,,,,,,,,,,,,,,,,,,,,,,,,,,
The Hunt - Hunted,,,,,,,,,Hunted Alkmaar,,,hunted spel alkmaar,Exact,Enabled,,,,,,,,,,,,,,,,,,,,,,,,,,,,,,,,,,,,,,
The Hunt - Hunted,,,,,,,,,Hunted Alkmaar,,,hunted spel alkmaar,Phrase,Enabled,,,,,,,,,,,,,,,,,,,,,,,,,,,,,,,,,,,,,,
The Hunt - Hunted,,,,,,,,,Hunted Alkmaar,,,hunted spelen alkmaar,Exact,Enabled,,,,,,,,,,,,,,,,,,,,,,,,,,,,,,,,,,,,,,
The Hunt - Hunted,,,,,,,,,Hunted Alkmaar,,,hunted spelen alkmaar,Phrase,Enabled,,,,,,,,,,,,,,,,,,,,,,,,,,,,,,,,,,,,,,
The Hunt - Hunted,,,,,,,,,Hunted Alkmaar,,,,,Enabled,Responsive search ad,https://escapegamethehunt.nl/escape-game-the-hunt-locaties/escape-game-the-hunt-alkmaar/,The-Hunt,alkmaar,Zelf Opgejaagd in Alkmaar,1,Ontsnap aan Live Hunters,,Echte Hunters Jagen op Jullie,,Speel Het Zelf: The Hunt,,Escape Game The Hunt,,90 Minuten Opgejaagd Worden,,Live Hunters op Jullie Hielen,,Outdoor Escape in Alkmaar,,Teamuitje met Live Hunters,,Vrijgezellenfeest Alkmaar,,Vanaf 8 tot 200 Personen,,"Puzzelen, Rennen, Ontsnappen",,Blijf Uit Handen van Hunters,,Vrijblijvend Aanvragen,,De Stad Is Jullie Speelveld,,"Ontsnap 90 minuten aan echte live Hunters in Alkmaar. Puzzelen, rennen en samenwerken!",Geen kamer maar de hele stad als speelveld. Live Hunters zitten jullie op de hielen.,"Ideaal als teamuitje, bedrijfsuitje of vrijgezellenfeest. Van 8 tot 200 personen.",Dé escape game met live Hunters. Vraag vrijblijvend een datum aan voor jullie groep.
The Hunt - Hunted,,,,,,,,,Hunted Rotterdam,Enabled,0.80,,,,,,,,,,,,,,,,,,,,,,,,,,,,,,,,,,,,,,,,,
The Hunt - Hunted,,,,,,,,,Hunted Rotterdam,,,hunted rotterdam,Exact,Enabled,,,,,,,,,,,,,,,,,,,,,,,,,,,,,,,,,,,,,,
The Hunt - Hunted,,,,,,,,,Hunted Rotterdam,,,hunted rotterdam,Phrase,Enabled,,,,,,,,,,,,,,,,,,,,,,,,,,,,,,,,,,,,,,
The Hunt - Hunted,,,,,,,,,Hunted Rotterdam,,,hunted spel rotterdam,Exact,Enabled,,,,,,,,,,,,,,,,,,,,,,,,,,,,,,,,,,,,,,
The Hunt - Hunted,,,,,,,,,Hunted Rotterdam,,,hunted spel rotterdam,Phrase,Enabled,,,,,,,,,,,,,,,,,,,,,,,,,,,,,,,,,,,,,,
The Hunt - Hunted,,,,,,,,,Hunted Rotterdam,,,hunted spelen rotterdam,Exact,Enabled,,,,,,,,,,,,,,,,,,,,,,,,,,,,,,,,,,,,,,
The Hunt - Hunted,,,,,,,,,Hunted Rotterdam,,,hunted spelen rotterdam,Phrase,Enabled,,,,,,,,,,,,,,,,,,,,,,,,,,,,,,,,,,,,,,
The Hunt - Hunted,,,,,,,,,Hunted Rotterdam,,,,,Enabled,Responsive search ad,https://escapegamethehunt.nl/escape-game-the-hunt-locaties/escape-game-the-hunt-rotterdam-2/,The-Hunt,rotterdam,Zelf Opgejaagd in Rotterdam,1,Ontsnap aan Live Hunters,,Echte Hunters Jagen op Jullie,,Speel Het Zelf: The Hunt,,Escape Game The Hunt,,90 Minuten Opgejaagd Worden,,Live Hunters op Jullie Hielen,,Outdoor Escape in Rotterdam,,Teamuitje met Live Hunters,,Vrijgezellenfeest Rotterdam,,Vanaf 8 tot 200 Personen,,"Puzzelen, Rennen, Ontsnappen",,Blijf Uit Handen van Hunters,,Vrijblijvend Aanvragen,,De Stad Is Jullie Speelveld,,"Ontsnap 90 minuten aan echte live Hunters in Rotterdam. Puzzelen, rennen en samenwerken!",Geen kamer maar de hele stad als speelveld. Live Hunters zitten jullie op de hielen.,"Ideaal als teamuitje, bedrijfsuitje of vrijgezellenfeest. Van 8 tot 200 personen.",Dé escape game met live Hunters. Vraag vrijblijvend een datum aan voor jullie groep.
The Hunt - Hunted,,,,,,,,,Hunted Den Haag,Enabled,0.80,,,,,,,,,,,,,,,,,,,,,,,,,,,,,,,,,,,,,,,,,
The Hunt - Hunted,,,,,,,,,Hunted Den Haag,,,hunted den haag,Exact,Enabled,,,,,,,,,,,,,,,,,,,,,,,,,,,,,,,,,,,,,,
The Hunt - Hunted,,,,,,,,,Hunted Den Haag,,,hunted den haag,Phrase,Enabled,,,,,,,,,,,,,,,,,,,,,,,,,,,,,,,,,,,,,,
The Hunt - Hunted,,,,,,,,,Hunted Den Haag,,,hunted spel den haag,Exact,Enabled,,,,,,,,,,,,,,,,,,,,,,,,,,,,,,,,,,,,,,
The Hunt - Hunted,,,,,,,,,Hunted Den Haag,,,hunted spel den haag,Phrase,Enabled,,,,,,,,,,,,,,,,,,,,,,,,,,,,,,,,,,,,,,
The Hunt - Hunted,,,,,,,,,Hunted Den Haag,,,hunted spelen den haag,Exact,Enabled,,,,,,,,,,,,,,,,,,,,,,,,,,,,,,,,,,,,,,
The Hunt - Hunted,,,,,,,,,Hunted Den Haag,,,hunted spelen den haag,Phrase,Enabled,,,,,,,,,,,,,,,,,,,,,,,,,,,,,,,,,,,,,,
The Hunt - Hunted,,,,,,,,,Hunted Den Haag,,,,,Enabled,Responsive search ad,https://escapegamethehunt.nl/escape-game-the-hunt-locaties/escape-game-the-hunt-den-haag/,The-Hunt,den-haag,Zelf Opgejaagd in Den Haag,1,Ontsnap aan Live Hunters,,Echte Hunters Jagen op Jullie,,Speel Het Zelf: The Hunt,,Escape Game The Hunt,,90 Minuten Opgejaagd Worden,,Live Hunters op Jullie Hielen,,Outdoor Escape in Den Haag,,Teamuitje met Live Hunters,,Vrijgezellenfeest Den Haag,,Vanaf 8 tot 200 Personen,,"Puzzelen, Rennen, Ontsnappen",,Blijf Uit Handen van Hunters,,Vrijblijvend Aanvragen,,De Stad Is Jullie Speelveld,,"Ontsnap 90 minuten aan echte live Hunters in Den Haag. Puzzelen, rennen en samenwerken!",Geen kamer maar de hele stad als speelveld. Live Hunters zitten jullie op de hielen.,"Ideaal als teamuitje, bedrijfsuitje of vrijgezellenfeest. Van 8 tot 200 personen.",Dé escape game met live Hunters. Vraag vrijblijvend een datum aan voor jullie groep.
The Hunt - Hunted,,,,,,,,,Hunted Zoetermeer,Enabled,0.80,,,,,,,,,,,,,,,,,,,,,,,,,,,,,,,,,,,,,,,,,
The Hunt - Hunted,,,,,,,,,Hunted Zoetermeer,,,hunted zoetermeer,Exact,Enabled,,,,,,,,,,,,,,,,,,,,,,,,,,,,,,,,,,,,,,
The Hunt - Hunted,,,,,,,,,Hunted Zoetermeer,,,hunted zoetermeer,Phrase,Enabled,,,,,,,,,,,,,,,,,,,,,,,,,,,,,,,,,,,,,,
The Hunt - Hunted,,,,,,,,,Hunted Zoetermeer,,,hunted spel zoetermeer,Exact,Enabled,,,,,,,,,,,,,,,,,,,,,,,,,,,,,,,,,,,,,,
The Hunt - Hunted,,,,,,,,,Hunted Zoetermeer,,,hunted spel zoetermeer,Phrase,Enabled,,,,,,,,,,,,,,,,,,,,,,,,,,,,,,,,,,,,,,
The Hunt - Hunted,,,,,,,,,Hunted Zoetermeer,,,hunted spelen zoetermeer,Exact,Enabled,,,,,,,,,,,,,,,,,,,,,,,,,,,,,,,,,,,,,,
The Hunt - Hunted,,,,,,,,,Hunted Zoetermeer,,,hunted spelen zoetermeer,Phrase,Enabled,,,,,,,,,,,,,,,,,,,,,,,,,,,,,,,,,,,,,,
The Hunt - Hunted,,,,,,,,,Hunted Zoetermeer,,,,,Enabled,Responsive search ad,https://escapegamethehunt.nl/escape-game-the-hunt-locaties/escape-game-the-hunt-zoetermeer/,The-Hunt,zoetermeer,Zelf Opgejaagd in Zoetermeer,1,Ontsnap aan Live Hunters,,Echte Hunters Jagen op Jullie,,Speel Het Zelf: The Hunt,,Escape Game The Hunt,,90 Minuten Opgejaagd Worden,,Live Hunters op Jullie Hielen,,Outdoor Escape in Zoetermeer,,Teamuitje met Live Hunters,,Vrijgezellenfeest Zoetermeer,,Vanaf 8 tot 200 Personen,,"Puzzelen, Rennen, Ontsnappen",,Blijf Uit Handen van Hunters,,Vrijblijvend Aanvragen,,De Stad Is Jullie Speelveld,,"Ontsnap 90 minuten aan echte live Hunters in Zoetermeer. Puzzelen, rennen en samenwerken!",Geen kamer maar de hele stad als speelveld. Live Hunters zitten jullie op de hielen.,"Ideaal als teamuitje, bedrijfsuitje of vrijgezellenfeest. Van 8 tot 200 personen.",Dé escape game met live Hunters. Vraag vrijblijvend een datum aan voor jullie groep.
The Hunt - Hunted,,,,,,,,,Hunted Dordrecht,Enabled,0.80,,,,,,,,,,,,,,,,,,,,,,,,,,,,,,,,,,,,,,,,,
The Hunt - Hunted,,,,,,,,,Hunted Dordrecht,,,hunted dordrecht,Exact,Enabled,,,,,,,,,,,,,,,,,,,,,,,,,,,,,,,,,,,,,,
The Hunt - Hunted,,,,,,,,,Hunted Dordrecht,,,hunted dordrecht,Phrase,Enabled,,,,,,,,,,,,,,,,,,,,,,,,,,,,,,,,,,,,,,
The Hunt - Hunted,,,,,,,,,Hunted Dordrecht,,,hunted spel dordrecht,Exact,Enabled,,,,,,,,,,,,,,,,,,,,,,,,,,,,,,,,,,,,,,
The Hunt - Hunted,,,,,,,,,Hunted Dordrecht,,,hunted spel dordrecht,Phrase,Enabled,,,,,,,,,,,,,,,,,,,,,,,,,,,,,,,,,,,,,,
The Hunt - Hunted,,,,,,,,,Hunted Dordrecht,,,hunted spelen dordrecht,Exact,Enabled,,,,,,,,,,,,,,,,,,,,,,,,,,,,,,,,,,,,,,
The Hunt - Hunted,,,,,,,,,Hunted Dordrecht,,,hunted spelen dordrecht,Phrase,Enabled,,,,,,,,,,,,,,,,,,,,,,,,,,,,,,,,,,,,,,
The Hunt - Hunted,,,,,,,,,Hunted Dordrecht,,,,,Enabled,Responsive search ad,https://escapegamethehunt.nl/escape-game-the-hunt-locaties/escape-game-the-hunt-dordrecht/,The-Hunt,dordrecht,Zelf Opgejaagd in Dordrecht,1,Ontsnap aan Live Hunters,,Echte Hunters Jagen op Jullie,,Speel Het Zelf: The Hunt,,Escape Game The Hunt,,90 Minuten Opgejaagd Worden,,Live Hunters op Jullie Hielen,,Outdoor Escape in Dordrecht,,Teamuitje met Live Hunters,,Vrijgezellenfeest Dordrecht,,Vanaf 8 tot 200 Personen,,"Puzzelen, Rennen, Ontsnappen",,Blijf Uit Handen van Hunters,,Vrijblijvend Aanvragen,,De Stad Is Jullie Speelveld,,"Ontsnap 90 minuten aan echte live Hunters in Dordrecht. Puzzelen, rennen en samenwerken!",Geen kamer maar de hele stad als speelveld. Live Hunters zitten jullie op de hielen.,"Ideaal als teamuitje, bedrijfsuitje of vrijgezellenfeest. Van 8 tot 200 personen.",Dé escape game met live Hunters. Vraag vrijblijvend een datum aan voor jullie groep.
The Hunt - Hunted,,,,,,,,,Hunted Middelburg,Enabled,0.80,,,,,,,,,,,,,,,,,,,,,,,,,,,,,,,,,,,,,,,,,
The Hunt - Hunted,,,,,,,,,Hunted Middelburg,,,hunted middelburg,Exact,Enabled,,,,,,,,,,,,,,,,,,,,,,,,,,,,,,,,,,,,,,
The Hunt - Hunted,,,,,,,,,Hunted Middelburg,,,hunted middelburg,Phrase,Enabled,,,,,,,,,,,,,,,,,,,,,,,,,,,,,,,,,,,,,,
The Hunt - Hunted,,,,,,,,,Hunted Middelburg,,,hunted spel middelburg,Exact,Enabled,,,,,,,,,,,,,,,,,,,,,,,,,,,,,,,,,,,,,,
The Hunt - Hunted,,,,,,,,,Hunted Middelburg,,,hunted spel middelburg,Phrase,Enabled,,,,,,,,,,,,,,,,,,,,,,,,,,,,,,,,,,,,,,
The Hunt - Hunted,,,,,,,,,Hunted Middelburg,,,hunted spelen middelburg,Exact,Enabled,,,,,,,,,,,,,,,,,,,,,,,,,,,,,,,,,,,,,,
The Hunt - Hunted,,,,,,,,,Hunted Middelburg,,,hunted spelen middelburg,Phrase,Enabled,,,,,,,,,,,,,,,,,,,,,,,,,,,,,,,,,,,,,,
The Hunt - Hunted,,,,,,,,,Hunted Middelburg,,,,,Enabled,Responsive search ad,https://escapegamethehunt.nl/escape-game-the-hunt-locaties/escape-game-the-hunt-middelburg/,The-Hunt,middelburg,Zelf Opgejaagd in Middelburg,1,Ontsnap aan Live Hunters,,Echte Hunters Jagen op Jullie,,Speel Het Zelf: The Hunt,,Escape Game The Hunt,,90 Minuten Opgejaagd Worden,,Live Hunters op Jullie Hielen,,Outdoor Escape in Middelburg,,Teamuitje met Live Hunters,,Vrijgezellenfeest Middelburg,,Vanaf 8 tot 200 Personen,,"Puzzelen, Rennen, Ontsnappen",,Blijf Uit Handen van Hunters,,Vrijblijvend Aanvragen,,De Stad Is Jullie Speelveld,,"Ontsnap 90 minuten aan echte live Hunters in Middelburg. Puzzelen, rennen en samenwerken!",Geen kamer maar de hele stad als speelveld. Live Hunters zitten jullie op de hielen.,"Ideaal als teamuitje, bedrijfsuitje of vrijgezellenfeest. Van 8 tot 200 personen.",Dé escape game met live Hunters. Vraag vrijblijvend een datum aan voor jullie groep.
The Hunt - Hunted,,,,,,,,,Hunted Terneuzen,Enabled,0.80,,,,,,,,,,,,,,,,,,,,,,,,,,,,,,,,,,,,,,,,,
The Hunt - Hunted,,,,,,,,,Hunted Terneuzen,,,hunted terneuzen,Exact,Enabled,,,,,,,,,,,,,,,,,,,,,,,,,,,,,,,,,,,,,,
The Hunt - Hunted,,,,,,,,,Hunted Terneuzen,,,hunted terneuzen,Phrase,Enabled,,,,,,,,,,,,,,,,,,,,,,,,,,,,,,,,,,,,,,
The Hunt - Hunted,,,,,,,,,Hunted Terneuzen,,,hunted spel terneuzen,Exact,Enabled,,,,,,,,,,,,,,,,,,,,,,,,,,,,,,,,,,,,,,
The Hunt - Hunted,,,,,,,,,Hunted Terneuzen,,,hunted spel terneuzen,Phrase,Enabled,,,,,,,,,,,,,,,,,,,,,,,,,,,,,,,,,,,,,,
The Hunt - Hunted,,,,,,,,,Hunted Terneuzen,,,hunted spelen terneuzen,Exact,Enabled,,,,,,,,,,,,,,,,,,,,,,,,,,,,,,,,,,,,,,
The Hunt - Hunted,,,,,,,,,Hunted Terneuzen,,,hunted spelen terneuzen,Phrase,Enabled,,,,,,,,,,,,,,,,,,,,,,,,,,,,,,,,,,,,,,
The Hunt - Hunted,,,,,,,,,Hunted Terneuzen,,,,,Enabled,Responsive search ad,https://escapegamethehunt.nl/escape-game-the-hunt-locaties/escape-game-the-hunt-terneuzen/,The-Hunt,terneuzen,Zelf Opgejaagd in Terneuzen,1,Ontsnap aan Live Hunters,,Echte Hunters Jagen op Jullie,,Speel Het Zelf: The Hunt,,Escape Game The Hunt,,90 Minuten Opgejaagd Worden,,Live Hunters op Jullie Hielen,,Outdoor Escape in Terneuzen,,Teamuitje met Live Hunters,,Vrijgezellenfeest Terneuzen,,Vanaf 8 tot 200 Personen,,"Puzzelen, Rennen, Ontsnappen",,Blijf Uit Handen van Hunters,,Vrijblijvend Aanvragen,,De Stad Is Jullie Speelveld,,"Ontsnap 90 minuten aan echte live Hunters in Terneuzen. Puzzelen, rennen en samenwerken!",Geen kamer maar de hele stad als speelveld. Live Hunters zitten jullie op de hielen.,"Ideaal als teamuitje, bedrijfsuitje of vrijgezellenfeest. Van 8 tot 200 personen.",Dé escape game met live Hunters. Vraag vrijblijvend een datum aan voor jullie groep.
The Hunt - Hunted,,,,,,,,,Hunted Eindhoven,Enabled,0.80,,,,,,,,,,,,,,,,,,,,,,,,,,,,,,,,,,,,,,,,,
The Hunt - Hunted,,,,,,,,,Hunted Eindhoven,,,hunted eindhoven,Exact,Enabled,,,,,,,,,,,,,,,,,,,,,,,,,,,,,,,,,,,,,,
The Hunt - Hunted,,,,,,,,,Hunted Eindhoven,,,hunted eindhoven,Phrase,Enabled,,,,,,,,,,,,,,,,,,,,,,,,,,,,,,,,,,,,,,
The Hunt - Hunted,,,,,,,,,Hunted Eindhoven,,,hunted spel eindhoven,Exact,Enabled,,,,,,,,,,,,,,,,,,,,,,,,,,,,,,,,,,,,,,
The Hunt - Hunted,,,,,,,,,Hunted Eindhoven,,,hunted spel eindhoven,Phrase,Enabled,,,,,,,,,,,,,,,,,,,,,,,,,,,,,,,,,,,,,,
The Hunt - Hunted,,,,,,,,,Hunted Eindhoven,,,hunted spelen eindhoven,Exact,Enabled,,,,,,,,,,,,,,,,,,,,,,,,,,,,,,,,,,,,,,
The Hunt - Hunted,,,,,,,,,Hunted Eindhoven,,,hunted spelen eindhoven,Phrase,Enabled,,,,,,,,,,,,,,,,,,,,,,,,,,,,,,,,,,,,,,
The Hunt - Hunted,,,,,,,,,Hunted Eindhoven,,,,,Enabled,Responsive search ad,https://escapegamethehunt.nl/escape-game-the-hunt-locaties/escape-game-the-hunt-eindhoven/,The-Hunt,eindhoven,Zelf Opgejaagd in Eindhoven,1,Ontsnap aan Live Hunters,,Echte Hunters Jagen op Jullie,,Speel Het Zelf: The Hunt,,Escape Game The Hunt,,90 Minuten Opgejaagd Worden,,Live Hunters op Jullie Hielen,,Outdoor Escape in Eindhoven,,Teamuitje met Live Hunters,,Vrijgezellenfeest Eindhoven,,Vanaf 8 tot 200 Personen,,"Puzzelen, Rennen, Ontsnappen",,Blijf Uit Handen van Hunters,,Vrijblijvend Aanvragen,,De Stad Is Jullie Speelveld,,"Ontsnap 90 minuten aan echte live Hunters in Eindhoven. Puzzelen, rennen en samenwerken!",Geen kamer maar de hele stad als speelveld. Live Hunters zitten jullie op de hielen.,"Ideaal als teamuitje, bedrijfsuitje of vrijgezellenfeest. Van 8 tot 200 personen.",Dé escape game met live Hunters. Vraag vrijblijvend een datum aan voor jullie groep.
The Hunt - Hunted,,,,,,,,,Hunted Tilburg,Enabled,0.80,,,,,,,,,,,,,,,,,,,,,,,,,,,,,,,,,,,,,,,,,
The Hunt - Hunted,,,,,,,,,Hunted Tilburg,,,hunted tilburg,Exact,Enabled,,,,,,,,,,,,,,,,,,,,,,,,,,,,,,,,,,,,,,
The Hunt - Hunted,,,,,,,,,Hunted Tilburg,,,hunted tilburg,Phrase,Enabled,,,,,,,,,,,,,,,,,,,,,,,,,,,,,,,,,,,,,,
The Hunt - Hunted,,,,,,,,,Hunted Tilburg,,,hunted spel tilburg,Exact,Enabled,,,,,,,,,,,,,,,,,,,,,,,,,,,,,,,,,,,,,,
The Hunt - Hunted,,,,,,,,,Hunted Tilburg,,,hunted spel tilburg,Phrase,Enabled,,,,,,,,,,,,,,,,,,,,,,,,,,,,,,,,,,,,,,
The Hunt - Hunted,,,,,,,,,Hunted Tilburg,,,hunted spelen tilburg,Exact,Enabled,,,,,,,,,,,,,,,,,,,,,,,,,,,,,,,,,,,,,,
The Hunt - Hunted,,,,,,,,,Hunted Tilburg,,,hunted spelen tilburg,Phrase,Enabled,,,,,,,,,,,,,,,,,,,,,,,,,,,,,,,,,,,,,,
The Hunt - Hunted,,,,,,,,,Hunted Tilburg,,,,,Enabled,Responsive search ad,https://escapegamethehunt.nl/escape-game-the-hunt-locaties/escape-game-the-hunt-tilburg/,The-Hunt,tilburg,Zelf Opgejaagd in Tilburg,1,Ontsnap aan Live Hunters,,Echte Hunters Jagen op Jullie,,Speel Het Zelf: The Hunt,,Escape Game The Hunt,,90 Minuten Opgejaagd Worden,,Live Hunters op Jullie Hielen,,Outdoor Escape in Tilburg,,Teamuitje met Live Hunters,,Vrijgezellenfeest Tilburg,,Vanaf 8 tot 200 Personen,,"Puzzelen, Rennen, Ontsnappen",,Blijf Uit Handen van Hunters,,Vrijblijvend Aanvragen,,De Stad Is Jullie Speelveld,,"Ontsnap 90 minuten aan echte live Hunters in Tilburg. Puzzelen, rennen en samenwerken!",Geen kamer maar de hele stad als speelveld. Live Hunters zitten jullie op de hielen.,"Ideaal als teamuitje, bedrijfsuitje of vrijgezellenfeest. Van 8 tot 200 personen.",Dé escape game met live Hunters. Vraag vrijblijvend een datum aan voor jullie groep.
The Hunt - Hunted,,,,,,,,,Hunted Maastricht,Enabled,0.80,,,,,,,,,,,,,,,,,,,,,,,,,,,,,,,,,,,,,,,,,
The Hunt - Hunted,,,,,,,,,Hunted Maastricht,,,hunted maastricht,Exact,Enabled,,,,,,,,,,,,,,,,,,,,,,,,,,,,,,,,,,,,,,
The Hunt - Hunted,,,,,,,,,Hunted Maastricht,,,hunted maastricht,Phrase,Enabled,,,,,,,,,,,,,,,,,,,,,,,,,,,,,,,,,,,,,,
The Hunt - Hunted,,,,,,,,,Hunted Maastricht,,,hunted spel maastricht,Exact,Enabled,,,,,,,,,,,,,,,,,,,,,,,,,,,,,,,,,,,,,,
The Hunt - Hunted,,,,,,,,,Hunted Maastricht,,,hunted spel maastricht,Phrase,Enabled,,,,,,,,,,,,,,,,,,,,,,,,,,,,,,,,,,,,,,
The Hunt - Hunted,,,,,,,,,Hunted Maastricht,,,hunted spelen maastricht,Exact,Enabled,,,,,,,,,,,,,,,,,,,,,,,,,,,,,,,,,,,,,,
The Hunt - Hunted,,,,,,,,,Hunted Maastricht,,,hunted spelen maastricht,Phrase,Enabled,,,,,,,,,,,,,,,,,,,,,,,,,,,,,,,,,,,,,,
The Hunt - Hunted,,,,,,,,,Hunted Maastricht,,,,,Enabled,Responsive search ad,https://escapegamethehunt.nl/escape-game-the-hunt-locaties/escape-game-the-hunt-maastricht/,The-Hunt,maastricht,Zelf Opgejaagd in Maastricht,1,Ontsnap aan Live Hunters,,Echte Hunters Jagen op Jullie,,Speel Het Zelf: The Hunt,,Escape Game The Hunt,,90 Minuten Opgejaagd Worden,,Live Hunters op Jullie Hielen,,Outdoor Escape in Maastricht,,Teamuitje met Live Hunters,,Vrijgezellenfeest Maastricht,,Vanaf 8 tot 200 Personen,,"Puzzelen, Rennen, Ontsnappen",,Blijf Uit Handen van Hunters,,Vrijblijvend Aanvragen,,De Stad Is Jullie Speelveld,,"Ontsnap 90 minuten aan echte live Hunters in Maastricht. Puzzelen, rennen en samenwerken!",Geen kamer maar de hele stad als speelveld. Live Hunters zitten jullie op de hielen.,"Ideaal als teamuitje, bedrijfsuitje of vrijgezellenfeest. Van 8 tot 200 personen.",Dé escape game met live Hunters. Vraag vrijblijvend een datum aan voor jullie groep.
The Hunt - Hunted,,,,,,,,,Hunted Venlo,Enabled,0.80,,,,,,,,,,,,,,,,,,,,,,,,,,,,,,,,,,,,,,,,,
The Hunt - Hunted,,,,,,,,,Hunted Venlo,,,hunted venlo,Exact,Enabled,,,,,,,,,,,,,,,,,,,,,,,,,,,,,,,,,,,,,,
The Hunt - Hunted,,,,,,,,,Hunted Venlo,,,hunted venlo,Phrase,Enabled,,,,,,,,,,,,,,,,,,,,,,,,,,,,,,,,,,,,,,
The Hunt - Hunted,,,,,,,,,Hunted Venlo,,,hunted spel venlo,Exact,Enabled,,,,,,,,,,,,,,,,,,,,,,,,,,,,,,,,,,,,,,
The Hunt - Hunted,,,,,,,,,Hunted Venlo,,,hunted spel venlo,Phrase,Enabled,,,,,,,,,,,,,,,,,,,,,,,,,,,,,,,,,,,,,,
The Hunt - Hunted,,,,,,,,,Hunted Venlo,,,hunted spelen venlo,Exact,Enabled,,,,,,,,,,,,,,,,,,,,,,,,,,,,,,,,,,,,,,
The Hunt - Hunted,,,,,,,,,Hunted Venlo,,,hunted spelen venlo,Phrase,Enabled,,,,,,,,,,,,,,,,,,,,,,,,,,,,,,,,,,,,,,
The Hunt - Hunted,,,,,,,,,Hunted Venlo,,,,,Enabled,Responsive search ad,https://escapegamethehunt.nl/escape-game-the-hunt-locaties/escape-game-the-hunt-venlo/,The-Hunt,venlo,Zelf Opgejaagd in Venlo,1,Ontsnap aan Live Hunters,,Echte Hunters Jagen op Jullie,,Speel Het Zelf: The Hunt,,Escape Game The Hunt,,90 Minuten Opgejaagd Worden,,Live Hunters op Jullie Hielen,,Outdoor Escape in Venlo,,Teamuitje met Live Hunters,,Vrijgezellenfeest Venlo,,Vanaf 8 tot 200 Personen,,"Puzzelen, Rennen, Ontsnappen",,Blijf Uit Handen van Hunters,,Vrijblijvend Aanvragen,,De Stad Is Jullie Speelveld,,"Ontsnap 90 minuten aan echte live Hunters in Venlo. Puzzelen, rennen en samenwerken!",Geen kamer maar de hele stad als speelveld. Live Hunters zitten jullie op de hielen.,"Ideaal als teamuitje, bedrijfsuitje of vrijgezellenfeest. Van 8 tot 200 personen.",Dé escape game met live Hunters. Vraag vrijblijvend een datum aan voor jullie groep.
The Hunt - Vrijgezellenfeest,Search,Paused,5.00,Daily,Manual CPC,Google search,nl,Netherlands,,,,,,,,,,,,,,,,,,,,,,,,,,,,,,,,,,,,,,,,,,,,
The Hunt - Vrijgezellenfeest,,,,,,,,,,,,vacature,Campaign negative phrase,,,,,,,,,,,,,,,,,,,,,,,,,,,,,,,,,,,,,,,
The Hunt - Vrijgezellenfeest,,,,,,,,,,,,werken bij,Campaign negative phrase,,,,,,,,,,,,,,,,,,,,,,,,,,,,,,,,,,,,,,,
The Hunt - Vrijgezellenfeest,,,,,,,,,,,,escape hunt,Campaign negative phrase,,,,,,,,,,,,,,,,,,,,,,,,,,,,,,,,,,,,,,,
The Hunt - Vrijgezellenfeest,,,,,,,,,,,,gratis,Campaign negative phrase,,,,,,,,,,,,,,,,,,,,,,,,,,,,,,,,,,,,,,,
The Hunt - Vrijgezellenfeest,,,,,,,,,,,,kinderfeestje,Campaign negative phrase,,,,,,,,,,,,,,,,,,,,,,,,,,,,,,,,,,,,,,,
The Hunt - Vrijgezellenfeest,,,,,,,,,,,,kinderen,Campaign negative phrase,,,,,,,,,,,,,,,,,,,,,,,,,,,,,,,,,,,,,,,
The Hunt - Vrijgezellenfeest,,,,,,,,,Vrijgezellenfeest Utrecht,Enabled,1.75,,,,,,,,,,,,,,,,,,,,,,,,,,,,,,,,,,,,,,,,,
The Hunt - Vrijgezellenfeest,,,,,,,,,Vrijgezellenfeest Utrecht,,,vrijgezellenfeest utrecht,Exact,Enabled,,,,,,,,,,,,,,,,,,,,,,,,,,,,,,,,,,,,,,
The Hunt - Vrijgezellenfeest,,,,,,,,,Vrijgezellenfeest Utrecht,,,vrijgezellenfeest utrecht,Phrase,Enabled,,,,,,,,,,,,,,,,,,,,,,,,,,,,,,,,,,,,,,
The Hunt - Vrijgezellenfeest,,,,,,,,,Vrijgezellenfeest Utrecht,,,vrijgezellenuitje utrecht,Exact,Enabled,,,,,,,,,,,,,,,,,,,,,,,,,,,,,,,,,,,,,,
The Hunt - Vrijgezellenfeest,,,,,,,,,Vrijgezellenfeest Utrecht,,,vrijgezellenuitje utrecht,Phrase,Enabled,,,,,,,,,,,,,,,,,,,,,,,,,,,,,,,,,,,,,,
The Hunt - Vrijgezellenfeest,,,,,,,,,Vrijgezellenfeest Utrecht,,,vrijgezellendag utrecht,Exact,Enabled,,,,,,,,,,,,,,,,,,,,,,,,,,,,,,,,,,,,,,
The Hunt - Vrijgezellenfeest,,,,,,,,,Vrijgezellenfeest Utrecht,,,vrijgezellendag utrecht,Phrase,Enabled,,,,,,,,,,,,,,,,,,,,,,,,,,,,,,,,,,,,,,
The Hunt - Vrijgezellenfeest,,,,,,,,,Vrijgezellenfeest Utrecht,,,,,Enabled,Responsive search ad,https://escapegamethehunt.nl/vrijgezellenfeest-utrecht/,Vrijgezellen,utrecht,Vrijgezellenfeest Utrecht,1,Ontsnap aan Live Hunters,,Echte Hunters Jagen op Jullie,,Actief Vrijgezellenuitje,,90 Minuten Pure Spanning,,Escape Game The Hunt,,Outdoor Escape in Utrecht,,Live Hunters op Jullie Hielen,,Wie Ontsnapt aan de Hunters?,,Vanaf 8 Personen,,"Puzzelen, Rennen, Ontsnappen",,Vrijblijvend Aanvragen,,De Stad Is Jullie Speelveld,,Origineel Vrijgezellenfeest,,Voor Bruid én Bruidegom,,Vrijgezellenfeest in Utrecht: ontsnap 90 minuten aan echte live Hunters in de stad.,Geen kamer maar de hele stad als speelveld. Live Hunters zitten jullie op de hielen.,"Puzzelen, rennen en samenwerken. Een actief uitje voor groepen vanaf 8 personen.",Dé escape game met live Hunters. Vraag vrijblijvend een datum aan voor jullie feest.
The Hunt - Vrijgezellenfeest,,,,,,,,,Vrijgezellenfeest Rotterdam,Enabled,1.50,,,,,,,,,,,,,,,,,,,,,,,,,,,,,,,,,,,,,,,,,
The Hunt - Vrijgezellenfeest,,,,,,,,,Vrijgezellenfeest Rotterdam,,,vrijgezellenfeest rotterdam,Exact,Enabled,,,,,,,,,,,,,,,,,,,,,,,,,,,,,,,,,,,,,,
The Hunt - Vrijgezellenfeest,,,,,,,,,Vrijgezellenfeest Rotterdam,,,vrijgezellenfeest rotterdam,Phrase,Enabled,,,,,,,,,,,,,,,,,,,,,,,,,,,,,,,,,,,,,,
The Hunt - Vrijgezellenfeest,,,,,,,,,Vrijgezellenfeest Rotterdam,,,vrijgezellenuitje rotterdam,Exact,Enabled,,,,,,,,,,,,,,,,,,,,,,,,,,,,,,,,,,,,,,
The Hunt - Vrijgezellenfeest,,,,,,,,,Vrijgezellenfeest Rotterdam,,,vrijgezellenuitje rotterdam,Phrase,Enabled,,,,,,,,,,,,,,,,,,,,,,,,,,,,,,,,,,,,,,
The Hunt - Vrijgezellenfeest,,,,,,,,,Vrijgezellenfeest Rotterdam,,,vrijgezellendag rotterdam,Exact,Enabled,,,,,,,,,,,,,,,,,,,,,,,,,,,,,,,,,,,,,,
The Hunt - Vrijgezellenfeest,,,,,,,,,Vrijgezellenfeest Rotterdam,,,vrijgezellendag rotterdam,Phrase,Enabled,,,,,,,,,,,,,,,,,,,,,,,,,,,,,,,,,,,,,,
The Hunt - Vrijgezellenfeest,,,,,,,,,Vrijgezellenfeest Rotterdam,,,,,Enabled,Responsive search ad,https://escapegamethehunt.nl/vrijgezellenfeest-rotterdam-perfect-groepen/,Vrijgezellen,rotterdam,Vrijgezellenfeest Rotterdam,1,Ontsnap aan Live Hunters,,Echte Hunters Jagen op Jullie,,Actief Vrijgezellenuitje,,90 Minuten Pure Spanning,,Escape Game The Hunt,,Outdoor Escape in Rotterdam,,Live Hunters op Jullie Hielen,,Wie Ontsnapt aan de Hunters?,,Vanaf 8 Personen,,"Puzzelen, Rennen, Ontsnappen",,Vrijblijvend Aanvragen,,De Stad Is Jullie Speelveld,,Origineel Vrijgezellenfeest,,Voor Bruid én Bruidegom,,Vrijgezellenfeest in Rotterdam: ontsnap 90 minuten aan echte live Hunters in de stad.,Geen kamer maar de hele stad als speelveld. Live Hunters zitten jullie op de hielen.,"Puzzelen, rennen en samenwerken. Een actief uitje voor groepen vanaf 8 personen.",Dé escape game met live Hunters. Vraag vrijblijvend een datum aan voor jullie feest.
The Hunt - Vrijgezellenfeest,,,,,,,,,Vrijgezellenfeest Amsterdam,Enabled,1.40,,,,,,,,,,,,,,,,,,,,,,,,,,,,,,,,,,,,,,,,,
The Hunt - Vrijgezellenfeest,,,,,,,,,Vrijgezellenfeest Amsterdam,,,vrijgezellenfeest amsterdam,Exact,Enabled,,,,,,,,,,,,,,,,,,,,,,,,,,,,,,,,,,,,,,
The Hunt - Vrijgezellenfeest,,,,,,,,,Vrijgezellenfeest Amsterdam,,,vrijgezellenfeest amsterdam,Phrase,Enabled,,,,,,,,,,,,,,,,,,,,,,,,,,,,,,,,,,,,,,
The Hunt - Vrijgezellenfeest,,,,,,,,,Vrijgezellenfeest Amsterdam,,,vrijgezellenuitje amsterdam,Exact,Enabled,,,,,,,,,,,,,,,,,,,,,,,,,,,,,,,,,,,,,,
The Hunt - Vrijgezellenfeest,,,,,,,,,Vrijgezellenfeest Amsterdam,,,vrijgezellenuitje amsterdam,Phrase,Enabled,,,,,,,,,,,,,,,,,,,,,,,,,,,,,,,,,,,,,,
The Hunt - Vrijgezellenfeest,,,,,,,,,Vrijgezellenfeest Amsterdam,,,vrijgezellendag amsterdam,Exact,Enabled,,,,,,,,,,,,,,,,,,,,,,,,,,,,,,,,,,,,,,
The Hunt - Vrijgezellenfeest,,,,,,,,,Vrijgezellenfeest Amsterdam,,,vrijgezellendag amsterdam,Phrase,Enabled,,,,,,,,,,,,,,,,,,,,,,,,,,,,,,,,,,,,,,
The Hunt - Vrijgezellenfeest,,,,,,,,,Vrijgezellenfeest Amsterdam,,,,,Enabled,Responsive search ad,https://escapegamethehunt.nl/vrijgezellenfeest-amsterdam/,Vrijgezellen,amsterdam,Vrijgezellenfeest Amsterdam,1,Ontsnap aan Live Hunters,,Echte Hunters Jagen op Jullie,,Actief Vrijgezellenuitje,,90 Minuten Pure Spanning,,Escape Game The Hunt,,Outdoor Escape in Amsterdam,,Live Hunters op Jullie Hielen,,Wie Ontsnapt aan de Hunters?,,Vanaf 8 Personen,,"Puzzelen, Rennen, Ontsnappen",,Vrijblijvend Aanvragen,,De Stad Is Jullie Speelveld,,Origineel Vrijgezellenfeest,,Voor Bruid én Bruidegom,,Vrijgezellenfeest in Amsterdam: ontsnap 90 minuten aan echte live Hunters in de stad.,Geen kamer maar de hele stad als speelveld. Live Hunters zitten jullie op de hielen.,"Puzzelen, rennen en samenwerken. Een actief uitje voor groepen vanaf 8 personen.",Dé escape game met live Hunters. Vraag vrijblijvend een datum aan voor jullie feest.
The Hunt - Vrijgezellenfeest,,,,,,,,,Vrijgezellenfeest Groningen,Enabled,0.80,,,,,,,,,,,,,,,,,,,,,,,,,,,,,,,,,,,,,,,,,
The Hunt - Vrijgezellenfeest,,,,,,,,,Vrijgezellenfeest Groningen,,,vrijgezellenfeest groningen,Exact,Enabled,,,,,,,,,,,,,,,,,,,,,,,,,,,,,,,,,,,,,,
The Hunt - Vrijgezellenfeest,,,,,,,,,Vrijgezellenfeest Groningen,,,vrijgezellenfeest groningen,Phrase,Enabled,,,,,,,,,,,,,,,,,,,,,,,,,,,,,,,,,,,,,,
The Hunt - Vrijgezellenfeest,,,,,,,,,Vrijgezellenfeest Groningen,,,vrijgezellenuitje groningen,Exact,Enabled,,,,,,,,,,,,,,,,,,,,,,,,,,,,,,,,,,,,,,
The Hunt - Vrijgezellenfeest,,,,,,,,,Vrijgezellenfeest Groningen,,,vrijgezellenuitje groningen,Phrase,Enabled,,,,,,,,,,,,,,,,,,,,,,,,,,,,,,,,,,,,,,
The Hunt - Vrijgezellenfeest,,,,,,,,,Vrijgezellenfeest Groningen,,,vrijgezellendag groningen,Exact,Enabled,,,,,,,,,,,,,,,,,,,,,,,,,,,,,,,,,,,,,,
The Hunt - Vrijgezellenfeest,,,,,,,,,Vrijgezellenfeest Groningen,,,vrijgezellendag groningen,Phrase,Enabled,,,,,,,,,,,,,,,,,,,,,,,,,,,,,,,,,,,,,,
The Hunt - Vrijgezellenfeest,,,,,,,,,Vrijgezellenfeest Groningen,,,,,Enabled,Responsive search ad,https://escapegamethehunt.nl/vrijgezellenfeest-groningen-het-meest-actieve-avontuur-voor-de-bruidegom/,Vrijgezellen,groningen,Vrijgezellenfeest Groningen,1,Ontsnap aan Live Hunters,,Echte Hunters Jagen op Jullie,,Actief Vrijgezellenuitje,,90 Minuten Pure Spanning,,Escape Game The Hunt,,Outdoor Escape in Groningen,,Live Hunters op Jullie Hielen,,Wie Ontsnapt aan de Hunters?,,Vanaf 8 Personen,,"Puzzelen, Rennen, Ontsnappen",,Vrijblijvend Aanvragen,,De Stad Is Jullie Speelveld,,Origineel Vrijgezellenfeest,,Voor Bruid én Bruidegom,,Vrijgezellenfeest in Groningen: ontsnap 90 minuten aan echte live Hunters in de stad.,Geen kamer maar de hele stad als speelveld. Live Hunters zitten jullie op de hielen.,"Puzzelen, rennen en samenwerken. Een actief uitje voor groepen vanaf 8 personen.",Dé escape game met live Hunters. Vraag vrijblijvend een datum aan voor jullie feest.
The Hunt - Vrijgezellenfeest,,,,,,,,,Vrijgezellenfeest Amersfoort,Enabled,1.50,,,,,,,,,,,,,,,,,,,,,,,,,,,,,,,,,,,,,,,,,
The Hunt - Vrijgezellenfeest,,,,,,,,,Vrijgezellenfeest Amersfoort,,,vrijgezellenfeest amersfoort,Exact,Enabled,,,,,,,,,,,,,,,,,,,,,,,,,,,,,,,,,,,,,,
The Hunt - Vrijgezellenfeest,,,,,,,,,Vrijgezellenfeest Amersfoort,,,vrijgezellenfeest amersfoort,Phrase,Enabled,,,,,,,,,,,,,,,,,,,,,,,,,,,,,,,,,,,,,,
The Hunt - Vrijgezellenfeest,,,,,,,,,Vrijgezellenfeest Amersfoort,,,vrijgezellenuitje amersfoort,Exact,Enabled,,,,,,,,,,,,,,,,,,,,,,,,,,,,,,,,,,,,,,
The Hunt - Vrijgezellenfeest,,,,,,,,,Vrijgezellenfeest Amersfoort,,,vrijgezellenuitje amersfoort,Phrase,Enabled,,,,,,,,,,,,,,,,,,,,,,,,,,,,,,,,,,,,,,
The Hunt - Vrijgezellenfeest,,,,,,,,,Vrijgezellenfeest Amersfoort,,,vrijgezellendag amersfoort,Exact,Enabled,,,,,,,,,,,,,,,,,,,,,,,,,,,,,,,,,,,,,,
The Hunt - Vrijgezellenfeest,,,,,,,,,Vrijgezellenfeest Amersfoort,,,vrijgezellendag amersfoort,Phrase,Enabled,,,,,,,,,,,,,,,,,,,,,,,,,,,,,,,,,,,,,,
The Hunt - Vrijgezellenfeest,,,,,,,,,Vrijgezellenfeest Amersfoort,,,,,Enabled,Responsive search ad,https://escapegamethehunt.nl/vrijgezellenfeest-amersfoort-wie-van-jullie-weet-te-ontsnappen-aan-de-hunters/,Vrijgezellen,amersfoort,Vrijgezellenfeest Amersfoort,1,Ontsnap aan Live Hunters,,Echte Hunters Jagen op Jullie,,Actief Vrijgezellenuitje,,90 Minuten Pure Spanning,,Escape Game The Hunt,,Outdoor Escape in Amersfoort,,Live Hunters op Jullie Hielen,,Wie Ontsnapt aan de Hunters?,,Vanaf 8 Personen,,"Puzzelen, Rennen, Ontsnappen",,Vrijblijvend Aanvragen,,De Stad Is Jullie Speelveld,,Origineel Vrijgezellenfeest,,Voor Bruid én Bruidegom,,Vrijgezellenfeest in Amersfoort: ontsnap 90 minuten aan echte live Hunters in de stad.,Geen kamer maar de hele stad als speelveld. Live Hunters zitten jullie op de hielen.,"Puzzelen, rennen en samenwerken. Een actief uitje voor groepen vanaf 8 personen.",Dé escape game met live Hunters. Vraag vrijblijvend een datum aan voor jullie feest.
The Hunt - Vrijgezellenfeest,,,,,,,,,Vrijgezellenfeest Zwolle,Enabled,1.75,,,,,,,,,,,,,,,,,,,,,,,,,,,,,,,,,,,,,,,,,
The Hunt - Vrijgezellenfeest,,,,,,,,,Vrijgezellenfeest Zwolle,,,vrijgezellenfeest zwolle,Exact,Enabled,,,,,,,,,,,,,,,,,,,,,,,,,,,,,,,,,,,,,,
The Hunt - Vrijgezellenfeest,,,,,,,,,Vrijgezellenfeest Zwolle,,,vrijgezellenfeest zwolle,Phrase,Enabled,,,,,,,,,,,,,,,,,,,,,,,,,,,,,,,,,,,,,,
The Hunt - Vrijgezellenfeest,,,,,,,,,Vrijgezellenfeest Zwolle,,,vrijgezellenuitje zwolle,Exact,Enabled,,,,,,,,,,,,,,,,,,,,,,,,,,,,,,,,,,,,,,
The Hunt - Vrijgezellenfeest,,,,,,,,,Vrijgezellenfeest Zwolle,,,vrijgezellenuitje zwolle,Phrase,Enabled,,,,,,,,,,,,,,,,,,,,,,,,,,,,,,,,,,,,,,
The Hunt - Vrijgezellenfeest,,,,,,,,,Vrijgezellenfeest Zwolle,,,vrijgezellendag zwolle,Exact,Enabled,,,,,,,,,,,,,,,,,,,,,,,,,,,,,,,,,,,,,,
The Hunt - Vrijgezellenfeest,,,,,,,,,Vrijgezellenfeest Zwolle,,,vrijgezellendag zwolle,Phrase,Enabled,,,,,,,,,,,,,,,,,,,,,,,,,,,,,,,,,,,,,,
The Hunt - Vrijgezellenfeest,,,,,,,,,Vrijgezellenfeest Zwolle,,,,,Enabled,Responsive search ad,https://escapegamethehunt.nl/vrijgezellenfeest-zwolle/,Vrijgezellen,zwolle,Vrijgezellenfeest Zwolle,1,Ontsnap aan Live Hunters,,Echte Hunters Jagen op Jullie,,Actief Vrijgezellenuitje,,90 Minuten Pure Spanning,,Escape Game The Hunt,,Outdoor Escape in Zwolle,,Live Hunters op Jullie Hielen,,Wie Ontsnapt aan de Hunters?,,Vanaf 8 Personen,,"Puzzelen, Rennen, Ontsnappen",,Vrijblijvend Aanvragen,,De Stad Is Jullie Speelveld,,Origineel Vrijgezellenfeest,,Voor Bruid én Bruidegom,,Vrijgezellenfeest in Zwolle: ontsnap 90 minuten aan echte live Hunters in de stad.,Geen kamer maar de hele stad als speelveld. Live Hunters zitten jullie op de hielen.,"Puzzelen, rennen en samenwerken. Een actief uitje voor groepen vanaf 8 personen.",Dé escape game met live Hunters. Vraag vrijblijvend een datum aan voor jullie feest.
The Hunt - Vrijgezellenfeest,,,,,,,,,Vrijgezellenfeest Nijmegen,Enabled,1.75,,,,,,,,,,,,,,,,,,,,,,,,,,,,,,,,,,,,,,,,,
The Hunt - Vrijgezellenfeest,,,,,,,,,Vrijgezellenfeest Nijmegen,,,vrijgezellenfeest nijmegen,Exact,Enabled,,,,,,,,,,,,,,,,,,,,,,,,,,,,,,,,,,,,,,
The Hunt - Vrijgezellenfeest,,,,,,,,,Vrijgezellenfeest Nijmegen,,,vrijgezellenfeest nijmegen,Phrase,Enabled,,,,,,,,,,,,,,,,,,,,,,,,,,,,,,,,,,,,,,
The Hunt - Vrijgezellenfeest,,,,,,,,,Vrijgezellenfeest Nijmegen,,,vrijgezellenuitje nijmegen,Exact,Enabled,,,,,,,,,,,,,,,,,,,,,,,,,,,,,,,,,,,,,,
The Hunt - Vrijgezellenfeest,,,,,,,,,Vrijgezellenfeest Nijmegen,,,vrijgezellenuitje nijmegen,Phrase,Enabled,,,,,,,,,,,,,,,,,,,,,,,,,,,,,,,,,,,,,,
The Hunt - Vrijgezellenfeest,,,,,,,,,Vrijgezellenfeest Nijmegen,,,vrijgezellendag nijmegen,Exact,Enabled,,,,,,,,,,,,,,,,,,,,,,,,,,,,,,,,,,,,,,
The Hunt - Vrijgezellenfeest,,,,,,,,,Vrijgezellenfeest Nijmegen,,,vrijgezellendag nijmegen,Phrase,Enabled,,,,,,,,,,,,,,,,,,,,,,,,,,,,,,,,,,,,,,
The Hunt - Vrijgezellenfeest,,,,,,,,,Vrijgezellenfeest Nijmegen,,,,,Enabled,Responsive search ad,https://escapegamethehunt.nl/vrijgezellenfeest-nijmegen-beleef-een-onvergetelijk-avontuur-met-escape-game-the-hunt/,Vrijgezellen,nijmegen,Vrijgezellenfeest Nijmegen,1,Ontsnap aan Live Hunters,,Echte Hunters Jagen op Jullie,,Actief Vrijgezellenuitje,,90 Minuten Pure Spanning,,Escape Game The Hunt,,Outdoor Escape in Nijmegen,,Live Hunters op Jullie Hielen,,Wie Ontsnapt aan de Hunters?,,Vanaf 8 Personen,,"Puzzelen, Rennen, Ontsnappen",,Vrijblijvend Aanvragen,,De Stad Is Jullie Speelveld,,Origineel Vrijgezellenfeest,,Voor Bruid én Bruidegom,,Vrijgezellenfeest in Nijmegen: ontsnap 90 minuten aan echte live Hunters in de stad.,Geen kamer maar de hele stad als speelveld. Live Hunters zitten jullie op de hielen.,"Puzzelen, rennen en samenwerken. Een actief uitje voor groepen vanaf 8 personen.",Dé escape game met live Hunters. Vraag vrijblijvend een datum aan voor jullie feest.
The Hunt - Vrijgezellenfeest,,,,,,,,,Vrijgezellenfeest Maastricht,Enabled,0.85,,,,,,,,,,,,,,,,,,,,,,,,,,,,,,,,,,,,,,,,,
The Hunt - Vrijgezellenfeest,,,,,,,,,Vrijgezellenfeest Maastricht,,,vrijgezellenfeest maastricht,Exact,Enabled,,,,,,,,,,,,,,,,,,,,,,,,,,,,,,,,,,,,,,
The Hunt - Vrijgezellenfeest,,,,,,,,,Vrijgezellenfeest Maastricht,,,vrijgezellenfeest maastricht,Phrase,Enabled,,,,,,,,,,,,,,,,,,,,,,,,,,,,,,,,,,,,,,
The Hunt - Vrijgezellenfeest,,,,,,,,,Vrijgezellenfeest Maastricht,,,vrijgezellenuitje maastricht,Exact,Enabled,,,,,,,,,,,,,,,,,,,,,,,,,,,,,,,,,,,,,,
The Hunt - Vrijgezellenfeest,,,,,,,,,Vrijgezellenfeest Maastricht,,,vrijgezellenuitje maastricht,Phrase,Enabled,,,,,,,,,,,,,,,,,,,,,,,,,,,,,,,,,,,,,,
The Hunt - Vrijgezellenfeest,,,,,,,,,Vrijgezellenfeest Maastricht,,,vrijgezellendag maastricht,Exact,Enabled,,,,,,,,,,,,,,,,,,,,,,,,,,,,,,,,,,,,,,
The Hunt - Vrijgezellenfeest,,,,,,,,,Vrijgezellenfeest Maastricht,,,vrijgezellendag maastricht,Phrase,Enabled,,,,,,,,,,,,,,,,,,,,,,,,,,,,,,,,,,,,,,
The Hunt - Vrijgezellenfeest,,,,,,,,,Vrijgezellenfeest Maastricht,,,,,Enabled,Responsive search ad,https://escapegamethehunt.nl/vrijgezellenfeest-maastricht/,Vrijgezellen,maastricht,Vrijgezellenfeest Maastricht,1,Ontsnap aan Live Hunters,,Echte Hunters Jagen op Jullie,,Actief Vrijgezellenuitje,,90 Minuten Pure Spanning,,Escape Game The Hunt,,Outdoor Escape in Maastricht,,Live Hunters op Jullie Hielen,,Wie Ontsnapt aan de Hunters?,,Vanaf 8 Personen,,"Puzzelen, Rennen, Ontsnappen",,Vrijblijvend Aanvragen,,De Stad Is Jullie Speelveld,,Origineel Vrijgezellenfeest,,Voor Bruid én Bruidegom,,Vrijgezellenfeest in Maastricht: ontsnap 90 minuten aan echte live Hunters in de stad.,Geen kamer maar de hele stad als speelveld. Live Hunters zitten jullie op de hielen.,"Puzzelen, rennen en samenwerken. Een actief uitje voor groepen vanaf 8 personen.",Dé escape game met live Hunters. Vraag vrijblijvend een datum aan voor jullie feest.
The Hunt - Teamuitje,Search,Paused,4.00,Daily,Manual CPC,Google search,nl,Netherlands,,,,,,,,,,,,,,,,,,,,,,,,,,,,,,,,,,,,,,,,,,,,
The Hunt - Teamuitje,,,,,,,,,,,,vacature,Campaign negative phrase,,,,,,,,,,,,,,,,,,,,,,,,,,,,,,,,,,,,,,,
The Hunt - Teamuitje,,,,,,,,,,,,werken bij,Campaign negative phrase,,,,,,,,,,,,,,,,,,,,,,,,,,,,,,,,,,,,,,,
The Hunt - Teamuitje,,,,,,,,,,,,escape hunt,Campaign negative phrase,,,,,,,,,,,,,,,,,,,,,,,,,,,,,,,,,,,,,,,
The Hunt - Teamuitje,,,,,,,,,,,,gratis,Campaign negative phrase,,,,,,,,,,,,,,,,,,,,,,,,,,,,,,,,,,,,,,,
The Hunt - Teamuitje,,,,,,,,,,,,kinderfeestje,Campaign negative phrase,,,,,,,,,,,,,,,,,,,,,,,,,,,,,,,,,,,,,,,
The Hunt - Teamuitje,,,,,,,,,,,,kinderen,Campaign negative phrase,,,,,,,,,,,,,,,,,,,,,,,,,,,,,,,,,,,,,,,
The Hunt - Teamuitje,,,,,,,,,Bedrijfsuitje Groningen,Enabled,1.25,,,,,,,,,,,,,,,,,,,,,,,,,,,,,,,,,,,,,,,,,
The Hunt - Teamuitje,,,,,,,,,Bedrijfsuitje Groningen,,,bedrijfsuitje groningen,Exact,Enabled,,,,,,,,,,,,,,,,,,,,,,,,,,,,,,,,,,,,,,
The Hunt - Teamuitje,,,,,,,,,Bedrijfsuitje Groningen,,,bedrijfsuitje groningen,Phrase,Enabled,,,,,,,,,,,,,,,,,,,,,,,,,,,,,,,,,,,,,,
The Hunt - Teamuitje,,,,,,,,,Bedrijfsuitje Groningen,,,,,Enabled,Responsive search ad,https://escapegamethehunt.nl/bedrijfsuitje-groningen-combineer-stad/,Bedrijfsuitje,groningen,Bedrijfsuitje Groningen,1,Ontsnap aan Live Hunters,,Echte Hunters Jagen op Jullie,,Teamuitje met Live Hunters,,Teamuitje Groningen,,Teambuilding in de Buitenlucht,,90 Minuten Pure Spanning,,Escape Game The Hunt,,Van 8 tot 200 Collega's,,"Puzzelen, Rennen, Samenwerken",,Outdoor Escape in Groningen,,Live Hunters op Jullie Hielen,,Vrijblijvend Offerte Aanvragen,,De Stad Is Jullie Speelveld,,Ook Op Maat Mogelijk,,Bedrijfsuitje in Groningen: ontsnap 90 minuten met je collega's aan echte live Hunters.,Geen kamer maar de hele stad als speelveld. Live Hunters zitten jullie op de hielen.,"Puzzelen, rennen en strategie: teambuilding die energie geeft. Van 8 tot 200 personen.",Dé escape game met live Hunters. Vraag vrijblijvend een datum en offerte aan.
The Hunt - Teamuitje,,,,,,,,,Teamuitje Zwolle,Enabled,1.25,,,,,,,,,,,,,,,,,,,,,,,,,,,,,,,,,,,,,,,,,
The Hunt - Teamuitje,,,,,,,,,Teamuitje Zwolle,,,teamuitje zwolle,Exact,Enabled,,,,,,,,,,,,,,,,,,,,,,,,,,,,,,,,,,,,,,
The Hunt - Teamuitje,,,,,,,,,Teamuitje Zwolle,,,teamuitje zwolle,Phrase,Enabled,,,,,,,,,,,,,,,,,,,,,,,,,,,,,,,,,,,,,,
The Hunt - Teamuitje,,,,,,,,,Teamuitje Zwolle,,,,,Enabled,Responsive search ad,https://escapegamethehunt.nl/teamuitje-bedrijfsuitje-zwolle/,Teamuitje,zwolle,Teamuitje Zwolle,1,Ontsnap aan Live Hunters,,Echte Hunters Jagen op Jullie,,Teamuitje met Live Hunters,,Bedrijfsuitje Zwolle,,Teambuilding in de Buitenlucht,,90 Minuten Pure Spanning,,Escape Game The Hunt,,Van 8 tot 200 Collega's,,"Puzzelen, Rennen, Samenwerken",,Outdoor Escape in Zwolle,,Live Hunters op Jullie Hielen,,Vrijblijvend Offerte Aanvragen,,De Stad Is Jullie Speelveld,,Ook Op Maat Mogelijk,,Teamuitje in Zwolle: ontsnap 90 minuten met je collega's aan echte live Hunters.,Geen kamer maar de hele stad als speelveld. Live Hunters zitten jullie op de hielen.,"Puzzelen, rennen en strategie: teambuilding die energie geeft. Van 8 tot 200 personen.",Dé escape game met live Hunters. Vraag vrijblijvend een datum en offerte aan.
The Hunt - Teamuitje,,,,,,,,,Teamuitje Tilburg,Enabled,1.25,,,,,,,,,,,,,,,,,,,,,,,,,,,,,,,,,,,,,,,,,
The Hunt - Teamuitje,,,,,,,,,Teamuitje Tilburg,,,teamuitje tilburg,Exact,Enabled,,,,,,,,,,,,,,,,,,,,,,,,,,,,,,,,,,,,,,
The Hunt - Teamuitje,,,,,,,,,Teamuitje Tilburg,,,teamuitje tilburg,Phrase,Enabled,,,,,,,,,,,,,,,,,,,,,,,,,,,,,,,,,,,,,,
The Hunt - Teamuitje,,,,,,,,,Teamuitje Tilburg,,,,,Enabled,Responsive search ad,https://escapegamethehunt.nl/teamuitje-tilburg-organiseren-beleef-90-minuten-actie-met-the-hunt/,Teamuitje,tilburg,Teamuitje Tilburg,1,Ontsnap aan Live Hunters,,Echte Hunters Jagen op Jullie,,Teamuitje met Live Hunters,,Bedrijfsuitje Tilburg,,Teambuilding in de Buitenlucht,,90 Minuten Pure Spanning,,Escape Game The Hunt,,Van 8 tot 200 Collega's,,"Puzzelen, Rennen, Samenwerken",,Outdoor Escape in Tilburg,,Live Hunters op Jullie Hielen,,Vrijblijvend Offerte Aanvragen,,De Stad Is Jullie Speelveld,,Ook Op Maat Mogelijk,,Teamuitje in Tilburg: ontsnap 90 minuten met je collega's aan echte live Hunters.,Geen kamer maar de hele stad als speelveld. Live Hunters zitten jullie op de hielen.,"Puzzelen, rennen en strategie: teambuilding die energie geeft. Van 8 tot 200 personen.",Dé escape game met live Hunters. Vraag vrijblijvend een datum en offerte aan.
The Hunt - Teamuitje,,,,,,,,,Bedrijfsuitje Enschede,Enabled,1.25,,,,,,,,,,,,,,,,,,,,,,,,,,,,,,,,,,,,,,,,,
The Hunt - Teamuitje,,,,,,,,,Bedrijfsuitje Enschede,,,bedrijfsuitje enschede,Exact,Enabled,,,,,,,,,,,,,,,,,,,,,,,,,,,,,,,,,,,,,,
The Hunt - Teamuitje,,,,,,,,,Bedrijfsuitje Enschede,,,bedrijfsuitje enschede,Phrase,Enabled,,,,,,,,,,,,,,,,,,,,,,,,,,,,,,,,,,,,,,
The Hunt - Teamuitje,,,,,,,,,Bedrijfsuitje Enschede,,,,,Enabled,Responsive search ad,https://escapegamethehunt.nl/teamuitje-bedrijfsuitje-enschede/,Bedrijfsuitje,enschede,Bedrijfsuitje Enschede,1,Ontsnap aan Live Hunters,,Echte Hunters Jagen op Jullie,,Teamuitje met Live Hunters,,Teamuitje Enschede,,Teambuilding in de Buitenlucht,,90 Minuten Pure Spanning,,Escape Game The Hunt,,Van 8 tot 200 Collega's,,"Puzzelen, Rennen, Samenwerken",,Outdoor Escape in Enschede,,Live Hunters op Jullie Hielen,,Vrijblijvend Offerte Aanvragen,,De Stad Is Jullie Speelveld,,Ook Op Maat Mogelijk,,Bedrijfsuitje in Enschede: ontsnap 90 minuten met je collega's aan echte live Hunters.,Geen kamer maar de hele stad als speelveld. Live Hunters zitten jullie op de hielen.,"Puzzelen, rennen en strategie: teambuilding die energie geeft. Van 8 tot 200 personen.",Dé escape game met live Hunters. Vraag vrijblijvend een datum en offerte aan.
The Hunt - Teamuitje,,,,,,,,,Teamuitje + Bedrijfsuitje Leeuwarden,Enabled,0.80,,,,,,,,,,,,,,,,,,,,,,,,,,,,,,,,,,,,,,,,,
The Hunt - Teamuitje,,,,,,,,,Teamuitje + Bedrijfsuitje Leeuwarden,,,teamuitje leeuwarden,Exact,Enabled,,,,,,,,,,,,,,,,,,,,,,,,,,,,,,,,,,,,,,
The Hunt - Teamuitje,,,,,,,,,Teamuitje + Bedrijfsuitje Leeuwarden,,,teamuitje leeuwarden,Phrase,Enabled,,,,,,,,,,,,,,,,,,,,,,,,,,,,,,,,,,,,,,
The Hunt - Teamuitje,,,,,,,,,Teamuitje + Bedrijfsuitje Leeuwarden,,,bedrijfsuitje leeuwarden,Exact,Enabled,,,,,,,,,,,,,,,,,,,,,,,,,,,,,,,,,,,,,,
The Hunt - Teamuitje,,,,,,,,,Teamuitje + Bedrijfsuitje Leeuwarden,,,bedrijfsuitje leeuwarden,Phrase,Enabled,,,,,,,,,,,,,,,,,,,,,,,,,,,,,,,,,,,,,,
The Hunt - Teamuitje,,,,,,,,,Teamuitje + Bedrijfsuitje Leeuwarden,,,,,Enabled,Responsive search ad,https://escapegamethehunt.nl/teamuitje-bedrijfsuitje-leeuwarden/,Teamuitje,leeuwarden,Teamuitje Leeuwarden,1,Ontsnap aan Live Hunters,,Echte Hunters Jagen op Jullie,,Teamuitje met Live Hunters,,Bedrijfsuitje Leeuwarden,,Teambuilding in de Buitenlucht,,90 Minuten Pure Spanning,,Escape Game The Hunt,,Van 8 tot 200 Collega's,,"Puzzelen, Rennen, Samenwerken",,Outdoor Escape in Leeuwarden,,Live Hunters op Jullie Hielen,,Vrijblijvend Offerte Aanvragen,,De Stad Is Jullie Speelveld,,Ook Op Maat Mogelijk,,Teamuitje in Leeuwarden: ontsnap 90 minuten met je collega's aan echte live Hunters.,Geen kamer maar de hele stad als speelveld. Live Hunters zitten jullie op de hielen.,"Puzzelen, rennen en strategie: teambuilding die energie geeft. Van 8 tot 200 personen.",Dé escape game met live Hunters. Vraag vrijblijvend een datum en offerte aan.
